Time (seconds);Time (microseconds);Speed (m/s);Steering angle (deg);Lane change
0;0;26.0;0.0;0
0;10000;26.0;0.0;0
0;20000;26.0;0.0;0
0;30000;26.0;0.0;0
0;40000;26.0;0.0;0
0;50000;26.0;0.0;0
0;60000;26.0;0.0;0
0;70000;26.0;0.0;0
0;80000;26.0;0.0;0
0;90000;26.0;0.0;0
0;100000;26.0;0.0;0
0;110000;26.0;0.0;0
0;120000;26.0;0.0;0
0;130000;26.0;0.0;0
0;140000;26.0;0.0;0
0;150000;26.0;0.0;0
0;160000;26.0;0.0;0
0;170000;26.0;0.0;0
0;180000;26.0;0.0;0
0;190000;26.0;0.0;0
0;200000;26.0;0.0;0
0;210000;26.0;0.0;0
0;220000;26.0;0.0;0
0;230000;26.0;0.0;0
0;240000;26.0;0.0;0
0;250000;26.0;0.0;0
0;260000;26.0;0.0;0
0;270000;26.0;0.0;0
0;280000;26.0;0.0;0
0;290000;26.0;0.0;0
0;300000;26.0;0.0;0
0;310000;26.0;0.0;0
0;320000;26.0;0.0;0
0;330000;26.0;0.0;0
0;340000;26.0;0.0;0
0;350000;26.0;0.0;0
0;360000;26.0;0.0;0
0;370000;26.0;0.0;0
0;380000;26.0;0.0;0
0;390000;26.0;0.0;0
0;400000;26.0;0.0;0
0;410000;26.0;0.0;0
0;420000;26.0;0.0;0
0;430000;26.0;0.0;0
0;440000;26.0;0.0;0
0;450000;26.0;0.0;0
0;460000;26.0;0.0;0
0;470000;26.0;0.0;0
0;480000;26.0;0.0;0
0;490000;26.0;0.0;0
0;500000;26.0;0.0;0
0;510000;26.0;0.0;0
0;520000;26.0;0.0;0
0;530000;26.0;0.0;0
0;540000;26.0;0.0;0
0;550000;26.0;0.0;0
0;560000;26.0;0.0;0
0;570000;26.0;0.0;0
0;580000;26.0;0.0;0
0;590000;26.0;0.0;0
0;600000;26.0;0.0;0
0;610000;26.0;0.0;0
0;620000;26.0;0.0;0
0;630000;26.0;0.0;0
0;640000;26.0;0.0;0
0;650000;26.0;0.0;0
0;660000;26.0;0.0;0
0;670000;26.0;0.0;0
0;680000;26.0;0.0;0
0;690000;26.0;0.0;0
0;700000;26.0;0.0;0
0;710000;26.0;0.0;0
0;720000;26.0;0.0;0
0;730000;26.0;0.0;0
0;740000;26.0;0.0;0
0;750000;26.0;0.0;0
0;760000;26.0;0.0;0
0;770000;26.0;0.0;0
0;780000;26.0;0.0;0
0;790000;26.0;0.0;0
0;800000;26.0;0.0;0
0;810000;26.0;0.0;0
0;820000;26.0;0.0;0
0;830000;26.0;0.0;0
0;840000;26.0;0.0;0
0;850000;26.0;0.0;0
0;860000;26.0;0.0;0
0;870000;26.0;0.0;0
0;880000;26.0;0.0;0
0;890000;26.0;0.0;0
0;900000;26.0;0.0;0
0;910000;26.0;0.0;0
0;920000;26.0;0.0;0
0;930000;26.0;0.0;0
0;940000;26.0;0.0;0
0;950000;26.0;0.0;0
0;960000;26.0;0.0;0
0;970000;26.0;0.0;0
0;980000;26.0;0.0;0
0;990000;26.0;0.0;0
1;0;26.0;0.0;0
1;10000;26.0;0.0;0
1;20000;26.0;0.0;0
1;30000;26.0;0.0;0
1;40000;26.0;0.0;0
1;50000;26.0;0.0;0
1;60000;26.0;0.0;0
1;70000;26.0;0.0;0
1;80000;26.0;0.0;0
1;90000;26.0;0.0;0
1;100000;26.0;0.0;0
1;110000;26.0;0.0;0
1;120000;26.0;0.0;0
1;130000;26.0;0.0;0
1;140000;26.0;0.0;0
1;150000;26.0;0.0;0
1;160000;26.0;0.0;0
1;170000;26.0;0.0;0
1;180000;26.0;0.0;0
1;190000;26.0;0.0;0
1;200000;26.0;0.0;0
1;210000;26.0;0.0;0
1;220000;26.0;0.0;0
1;230000;26.0;0.0;0
1;240000;26.0;0.0;0
1;250000;26.0;0.0;0
1;260000;26.0;0.0;0
1;270000;26.0;0.0;0
1;280000;26.0;0.0;0
1;290000;26.0;0.0;0
1;300000;26.0;0.0;0
1;310000;26.0;0.0;0
1;320000;26.0;0.0;0
1;330000;26.0;0.0;0
1;340000;26.0;0.0;0
1;350000;26.0;0.0;0
1;360000;26.0;0.0;0
1;370000;26.0;0.0;0
1;380000;26.0;0.0;0
1;390000;26.0;0.0;0
1;400000;26.0;0.0;0
1;410000;26.0;0.0;0
1;420000;26.0;0.0;0
1;430000;26.0;0.0;0
1;440000;26.0;0.0;0
1;450000;26.0;0.0;0
1;460000;26.0;0.0;0
1;470000;26.0;0.0;0
1;480000;26.0;0.0;0
1;490000;26.0;0.0;0
1;500000;26.0;0.0;0
1;510000;26.0;0.0;0
1;520000;26.0;0.0;0
1;530000;26.0;0.0;0
1;540000;26.0;0.0;0
1;550000;26.0;0.0;0
1;560000;26.0;0.0;0
1;570000;26.0;0.0;0
1;580000;26.0;0.0;0
1;590000;26.0;0.0;0
1;600000;26.0;0.0;0
1;610000;26.0;0.0;0
1;620000;26.0;0.0;0
1;630000;26.0;0.0;0
1;640000;26.0;0.0;0
1;650000;26.0;0.0;0
1;660000;26.0;0.0;0
1;670000;26.0;0.0;0
1;680000;26.0;0.0;0
1;690000;26.0;0.0;0
1;700000;26.0;0.0;0
1;710000;26.0;0.0;0
1;720000;26.0;0.0;0
1;730000;26.0;0.0;0
1;740000;26.0;0.0;0
1;750000;26.0;0.0;0
1;760000;26.0;0.0;0
1;770000;26.0;0.0;0
1;780000;26.0;0.0;0
1;790000;26.0;0.0;0
1;800000;26.0;0.0;0
1;810000;26.0;0.0;0
1;820000;26.0;0.0;0
1;830000;26.0;0.0;0
1;840000;26.0;0.0;0
1;850000;26.0;0.0;0
1;860000;26.0;0.0;0
1;870000;26.0;0.0;0
1;880000;26.0;0.0;0
1;890000;26.0;0.0;0
1;900000;26.0;0.0;0
1;910000;26.0;0.0;0
1;920000;26.0;0.0;0
1;930000;26.0;0.0;0
1;940000;26.0;0.0;0
1;950000;26.0;0.0;0
1;960000;26.0;0.0;0
1;970000;26.0;0.0;0
1;980000;26.0;0.0;0
1;990000;26.0;0.0;0
2;0;26.0;0.0;0
2;10000;26.0;0.0;0
2;20000;26.0;0.0;0
2;30000;26.0;0.0;0
2;40000;26.0;0.0;0
2;50000;26.0;0.0;0
2;60000;26.0;0.0;0
2;70000;26.0;0.0;0
2;80000;26.0;0.0;0
2;90000;26.0;0.0;0
2;100000;26.0;0.0;0
2;110000;26.0;0.0;0
2;120000;26.0;0.0;0
2;130000;26.0;0.0;0
2;140000;26.0;0.0;0
2;150000;26.0;0.0;0
2;160000;26.0;0.0;0
2;170000;26.0;0.0;0
2;180000;26.0;0.0;0
2;190000;26.0;0.0;0
2;200000;26.0;0.0;0
2;210000;26.0;0.0;0
2;220000;26.0;0.0;0
2;230000;26.0;0.0;0
2;240000;26.0;0.0;0
2;250000;26.0;0.0;0
2;260000;26.0;0.0;0
2;270000;26.0;0.0;0
2;280000;26.0;0.0;0
2;290000;26.0;0.0;0
2;300000;26.0;0.0;0
2;310000;26.0;0.0;0
2;320000;26.0;0.0;0
2;330000;26.0;0.0;0
2;340000;26.0;0.0;0
2;350000;26.0;0.0;0
2;360000;26.0;0.0;0
2;370000;26.0;0.0;0
2;380000;26.0;0.0;0
2;390000;26.0;0.0;0
2;400000;26.0;0.0;0
2;410000;26.0;0.0;0
2;420000;26.0;0.0;0
2;430000;26.0;0.0;0
2;440000;26.0;0.0;0
2;450000;26.0;0.0;0
2;460000;26.0;0.0;0
2;470000;26.0;0.0;0
2;480000;26.0;0.0;0
2;490000;26.0;0.0;0
2;500000;26.0;0.0;0
2;510000;26.0;0.0;0
2;520000;26.0;0.0;0
2;530000;26.0;0.0;0
2;540000;26.0;0.0;0
2;550000;26.0;0.0;0
2;560000;26.0;0.0;0
2;570000;26.0;0.0;0
2;580000;26.0;0.0;0
2;590000;26.0;0.0;0
2;600000;26.0;0.0;0
2;610000;26.0;0.0;0
2;620000;26.0;0.0;0
2;630000;26.0;0.0;0
2;640000;26.0;0.0;0
2;650000;26.0;0.0;0
2;660000;26.0;0.0;0
2;670000;26.0;0.0;0
2;680000;26.0;0.0;0
2;690000;26.0;0.0;0
2;700000;26.0;0.0;0
2;710000;26.0;0.0;0
2;720000;26.0;0.0;0
2;730000;26.0;0.0;0
2;740000;26.0;0.0;1
2;750000;26.0;0.0;1
2;760000;26.0;0.0;1
2;770000;26.0;0.0;1
2;780000;26.0;0.0;1
2;790000;26.0;0.0;1
2;800000;26.0;0.0;1
2;810000;26.0;0.0;1
2;820000;26.0;0.0;1
2;830000;26.0;0.0;1
2;840000;26.0;0.0;1
2;850000;26.0;0.0;1
2;860000;26.0;0.0;1
2;870000;26.0;0.0;1
2;880000;26.0;0.0;1
2;890000;26.0;0.0;1
2;900000;26.0;0.0;1
2;910000;26.0;0.0;1
2;920000;26.0;0.0;1
2;930000;26.0;0.0;1
2;940000;26.0;0.0;1
2;950000;26.0;0.0;1
2;960000;26.0;0.0;1
2;970000;26.0;0.0;1
2;980000;26.0;0.0;1
2;990000;26.0;0.0;1
3;0;26.0;0.0;1
3;10000;26.0;0.0;1
3;20000;26.0;0.0;1
3;30000;26.0;0.0;1
3;40000;26.0;0.0;1
3;50000;26.0;0.0;1
3;60000;26.0;0.0;1
3;70000;26.0;0.0;1
3;80000;26.0;0.0;1
3;90000;26.0;0.0;1
3;100000;26.0;0.0;1
3;110000;26.0;0.0;1
3;120000;26.0;0.0;1
3;130000;26.0;0.0;1
3;140000;26.0;0.0;1
3;150000;26.0;-0.2690319157487558;1
3;160000;26.0;-0.5890018218577219;1
3;170000;26.0;-0.9089128282753213;1
3;180000;26.0;-1.228732944167532;1
3;190000;26.0;-1.5484301877892528;1
3;200000;26.0;-1.8679725896825627;1
3;210000;26.0;-2.187328195873529;1
3;220000;26.0;-2.5064650710676895;1
3;230000;26.0;-2.825351301843443;1
3;240000;26.0;-3.1439549998434777;1
3;250000;26.0;-3.462244304963468;1
3;260000;26.0;-3.780187388538156;1
3;270000;26.0;-4.09775245652415;1
3;280000;26.0;-4.414907752679259;1
3;290000;26.0;-4.7316215617381925;1
3;300000;26.0;-5.047862212583943;1
3;310000;26.0;-5.363598081414986;1
3;320000;26.0;-5.6787975949075244;1
3;330000;26.0;-5.993429233372901;1
3;340000;26.0;-6.307461533909435;1
3;350000;26.0;-6.620863093548793;1
3;360000;26.0;-6.933602572396148;1
3;370000;26.0;-7.245648696764261;1
3;380000;26.0;-7.556970262300704;1
3;390000;26.0;-7.8675361371083845;1
3;400000;26.0;-8.1773152648586;1
3;410000;26.0;-8.486276667896748;1
3;420000;26.0;-8.794389450339969;1
3;430000;26.0;-9.101622801166801;1
3;440000;26.0;-9.407945997298164;1
3;450000;26.0;-9.713328406669739;1
3;460000;26.0;-10.017739491295046;1
3;470000;26.0;-10.321148810319327;1
3;480000;26.0;-10.62352602306349;1
3;490000;26.0;-10.92484089205827;1
3;500000;26.0;-11.225063286067835;1
3;510000;26.0;-11.524163183102981;1
3;520000;26.0;-11.822110673423268;1
3;530000;26.0;-12.118875962527923;1
3;540000;26.0;-12.41442937413537;1
3;550000;26.0;-12.708741353150714;1
3;560000;26.0;-13.001782468621338;1
3;570000;26.0;-13.293523416679868;1
3;580000;26.0;-13.583935023474643;1
3;590000;26.0;-13.872988248086967;1
3;600000;26.0;-14.160654185435279;1
3;610000;26.0;-14.44690406916554;1
3;620000;26.0;-14.731709274527946;1
3;630000;26.0;-15.015041321239268;1
3;640000;26.0;-15.296871876330972;1
3;650000;26.0;-15.577172756982382;1
3;660000;26.0;-15.855915933339038;1
3;670000;26.0;-16.133073531315567;1
3;680000;26.0;-16.40861783538316;1
3;690000;26.0;-16.682521291341008;1
3;700000;26.0;-16.95475650907179;1
3;710000;26.0;-17.225296265280566;1
3;720000;26.0;-17.49411350621719;1
3;730000;26.0;-17.761181350381563;1
3;740000;26.0;-18.02647309121184;1
3;750000;26.0;-18.289962199755;1
3;760000;26.0;-18.55162232731977;1
3;770000;26.0;-18.811427308111448;1
3;780000;26.0;-19.069351161848445;1
3;790000;26.0;-19.32536809636034;1
3;800000;26.0;-19.579452510167005;1
3;810000;26.0;-19.831578995038825;1
3;820000;26.0;-20.081722338537386;1
3;830000;26.0;-20.32985752653682;1
3;840000;26.0;-20.575959745725083;1
3;850000;26.0;-20.820004386085355;1
3;860000;26.0;-21.061967043356958;1
3;870000;26.0;-21.301823521475814;1
3;880000;26.0;-21.539549834993974;1
3;890000;26.0;-21.77512221147821;1
3;900000;26.0;-22.00851709388716;1
3;910000;26.0;-22.239711142927103;1
3;920000;26.0;-22.468681239385774;1
3;930000;26.0;-22.695404486444357;1
3;940000;26.0;-22.919858211967057;1
3;950000;26.0;-23.142019970768388;1
3;960000;26.0;-23.361867546857585;1
3;970000;26.0;-23.579378955660268;1
3;980000;26.0;-23.794532446216788;1
3;990000;26.0;-24.00730650335741;1
4;0;26.0;-24.217679849853706;1
4;10000;26.0;-24.425631448546348;1
4;20000;26.0;-24.631140504448762;1
4;30000;26.0;-24.834186466826633;1
4;40000;26.0;-25.03474903125289;1
4;50000;26.0;-25.23280814163824;1
4;60000;26.0;-25.428343992236698;1
4;70000;26.0;-25.621337029626165;1
4;80000;26.0;-25.811767954663697;1
4;90000;26.0;-25.999617724415497;1
4;100000;26.0;-26.184867554061128;1
4;110000;26.0;-26.367498918772025;1
4;120000;26.0;-26.547493555563868;1
4;130000;26.0;-26.72483346512299;1
4;140000;26.0;-26.899500913606225;1
4;150000;26.0;-27.07147843441429;1
4;160000;26.0;-27.240748829938383;1
4;170000;26.0;-27.407295173280037;1
4;180000;26.0;-27.571100809943697;1
4;190000;26.0;-27.732149359502216;1
4;200000;26.0;-27.890424717234822;1
4;210000;26.0;-28.045911055737644;1
4;220000;26.0;-28.19859282650641;1
4;230000;26.0;-28.348454761491286;1
4;240000;26.0;-28.495481874623632;1
4;250000;26.0;-28.639659463314672;1
4;260000;26.0;-28.780973109925686;1
4;270000;26.0;-28.91940868320977;1
4;280000;26.0;-29.054952339724974;1
4;290000;26.0;-29.18759052521857;1
4;300000;26.0;-29.317309975982557;1
4;310000;26.0;-29.444097720179958;1
4;320000;26.0;-29.567941079142013;1
4;330000;26.0;-29.688827668636016;1
4;340000;26.0;-29.80674540010376;1
4;350000;26.0;-29.92168248187037;1
4;360000;26.0;-30.03362742032345;1
4;370000;26.0;-30.14256902106243;1
4;380000;26.0;-30.248496390018026;1
4;390000;26.0;-30.35139893454162;1
4;400000;26.0;-30.451266364464516;1
4;410000;26.0;-30.548088693126925;1
4;420000;26.0;-30.641856238376675;1
4;430000;26.0;-30.732559623537387;1
4;440000;26.0;-30.820189778346133;1
4;450000;26.0;-30.904737939860443;1
4;460000;26.0;-30.98619565333463;1
4;470000;26.0;-31.064554773065225;1
4;480000;26.0;-31.139807463205564;1
4;490000;26.0;-31.211946198549327;1
4;500000;26.0;-31.280963765283104;1
4;510000;26.0;-31.34685326170774;1
4;520000;26.0;-31.40960809892849;1
4;530000;26.0;-31.469222001513945;1
4;540000;26.0;-31.525689008123503;1
4;550000;26.0;-31.57900347210357;1
4;560000;26.0;-31.629160062052176;1
4;570000;26.0;-31.676153762352126;1
4;580000;26.0;-31.719979873672543;1
4;590000;26.0;-31.76063401343882;1
4;600000;26.0;-31.79811211627086;1
4;610000;26.0;-31.83241043438962;1
4;620000;26.0;-31.86352553799185;1
4;630000;26.0;-31.891454315593137;1
4;640000;26.0;-31.916193974338984;1
4;650000;26.0;-31.937742040284142;1
4;660000;26.0;-31.956096358639964;1
4;670000;26.0;-31.971255093989914;1
4;680000;26.0;-31.98321673047309;1
4;690000;26.0;-31.991980071935807;1
4;700000;26.0;-31.997544242051227;1
4;710000;26.0;-31.999908684406975;1
4;720000;26.0;-31.999073162560784;1
4;730000;26.0;-31.99503776006414;1
4;740000;26.0;-31.987802880453934;1
4;750000;26.0;-31.977369247212096;1
4;760000;26.0;-31.963737903693254;1
4;770000;26.0;-31.946910213020402;1
4;780000;26.0;-31.926887857948586;1
4;790000;26.0;-31.903672840696625;1
4;800000;26.0;-31.877267482746902;1
4;810000;26.0;-31.847674424613206;1
4;820000;26.0;-31.814896625576683;1
4;830000;26.0;-31.778937363389932;1
4;840000;26.0;-31.739800233949204;1
4;850000;26.0;-31.697489150934825;1
4;860000;26.0;-31.652008345419834;1
4;870000;26.0;-31.60336236544689;1
4;880000;26.0;-31.55155607557345;1
4;890000;26.0;-31.49659465638533;1
4;900000;26.0;-31.43848360397864;1
4;910000;26.0;-31.377228729410206;1
4;920000;26.0;-31.312836158116433;1
4;930000;26.0;-31.24531232930079;1
4;940000;26.0;-31.17466399528989;1
4;950000;26.0;-31.100898220858266;1
4;960000;26.0;-31.02402238252188;1
4;970000;26.0;-30.944044167800513;1
4;980000;26.0;-30.860971574448975;1
4;990000;26.0;-30.77481290965739;1
5;0;26.0;-30.68557678922043;1
5;10000;26.0;-30.59327213667578;1
5;20000;26.0;-30.497908182411766;1
5;30000;26.0;-30.399494462744347;1
5;40000;26.0;-30.298040818963486;1
5;50000;26.0;-30.19355739634901;1
5;60000;26.0;-30.086054643156118;1
5;70000;26.0;-29.975543309570526;1
5;80000;26.0;-29.862034446633523;1
5;90000;26.0;-29.745539405136803;1
5;100000;26.0;-29.62606983448744;1
5;110000;26.0;-29.50363768154292;1
5;120000;26.0;-29.378255189416546;1
5;130000;26.0;-29.249934896253023;1
5;140000;26.0;-29.11868963397474;1
5;150000;26.0;-28.984532526998542;1
5;160000;26.0;-28.847476990923354;1
5;170000;26.0;-28.707536731188558;1
5;180000;26.0;-28.56472574170351;1
5;190000;26.0;-28.419058303448136;1
5;200000;26.0;-28.2705489830449;1
5;210000;26.0;-28.119212631302076;1
5;220000;26.0;-27.965064381728716;1
5;230000;26.0;-27.808119649021315;1
5;240000;26.0;-27.64839412752238;1
5;250000;26.0;-27.485903789650944;1
5;260000;26.0;-27.320664884305387;1
5;270000;26.0;-27.152693935238545;1
5;280000;26.0;-26.982007739405336;1
5;290000;26.0;-26.80862336528313;1
5;300000;26.0;-26.63255815116484;1
5;310000;26.0;-26.45382970342516;1
5;320000;26.0;-26.272455894759904;1
5;330000;26.0;-26.08845486239883;1
5;340000;26.0;-25.901845006291822;1
5;350000;26.0;-25.712644987268984;1
5;360000;26.0;-25.52087372517454;1
5;370000;26.0;-25.326550396974913;1
5;380000;26.0;-25.129694434840978;1
5;390000;26.0;-24.9303255242049;1
5;400000;26.0;-24.72846360179159;1
5;410000;26.0;-24.5241288536251;1
5;420000;26.0;-24.317341713009952;1
5;430000;26.0;-24.10812285848789;1
5;440000;26.0;-23.896493211769997;1
5;450000;26.0;-23.68247393564462;1
5;460000;26.0;-23.466086431861008;1
5;470000;26.0;-23.24735233898922;1
5;480000;26.0;-23.02629353025624;1
5;490000;26.0;-22.802932111358768;1
5;500000;26.0;-22.57729041825254;1
5;510000;26.0;-22.349391014918837;1
5;520000;26.0;-22.119256691108067;1
5;530000;26.0;-21.88691046006082;1
5;540000;26.0;-21.65237555620662;1
5;550000;26.0;-21.415675432840384;1
5;560000;26.0;-21.176833759777203;1
5;570000;26.0;-20.935874420985325;1
5;580000;26.0;-20.69282151219787;1
5;590000;26.0;-20.44769933850316;1
5;600000;26.0;-20.200532411914292;1
5;610000;26.0;-19.95134544891793;1
5;620000;26.0;-19.700163368002762;1
5;630000;26.0;-19.447011287167545;1
5;640000;26.0;-19.1919145214094;1
5;650000;26.0;-18.9348985801923;1
5;660000;26.0;-18.675989164896233;1
5;670000;26.0;-18.41521216624695;1
5;680000;26.0;-18.152593661726996;1
5;690000;26.0;-17.88815991296796;1
5;700000;26.0;-17.621937363124403;1
5;710000;26.0;-17.353952634229433;1
5;720000;26.0;-17.084232524532617;1
5;730000;26.0;-16.812804005820137;1
5;740000;26.0;-16.53969422071772;1
5;750000;26.0;-16.264930479976268;1
5;760000;26.0;-15.988540259740878;1
5;770000;26.0;-15.710551198803255;1
5;780000;26.0;-15.43099109583781;1
5;790000;26.0;-15.149887906621922;1
5;800000;26.0;-14.867269741240236;1
5;810000;26.0;-14.583164861273776;1
5;820000;26.0;-14.29760167697376;1
5;830000;26.0;-14.0106087444207;1
5;840000;26.0;-13.722214762668669;1
5;850000;26.0;-13.43244857087551;1
5;860000;26.0;-13.141339145418907;1
5;870000;26.0;-12.848915596998868;1
5;880000;26.0;-12.555207167726524;1
5;890000;26.0;-12.260243228200043;1
5;900000;26.0;-11.964053274567553;1
5;910000;26.0;-11.666666925577642;1
5;920000;26.0;-11.368113919617365;1
5;930000;26.0;-11.068424111738523;1
5;940000;26.0;-10.767627470672135;1
5;950000;26.0;-10.4657540758317;1
5;960000;26.0;-10.162834114305115;1
5;970000;26.0;-9.8588978778361;1
5;980000;26.0;-9.553975759794994;1
5;990000;26.0;-9.248098252139556;1
6;0;26.0;-8.941295942365628;1
6;10000;26.0;-8.633599510448517;1
6;20000;26.0;-8.325039725775005;1
6;30000;26.0;-8.015647444066397;1
6;40000;26.0;-7.705453604293094;1
6;50000;26.0;-7.394489225580552;1
6;60000;26.0;-7.082785404107505;1
6;70000;26.0;-6.770373309996321;1
6;80000;26.0;-6.457284184196125;1
6;90000;26.0;-6.143549335358561;1
6;100000;26.0;-5.829200136707068;1
6;110000;26.0;-5.514268022899528;1
6;120000;26.0;-5.198784486884934;1
6;130000;26.0;-4.882781076753957;1
6;140000;26.0;-4.566289392584275;1
6;150000;26.0;-4.249341083280536;1
6;160000;26.0;-3.9319678434096015;1
6;170000;26.0;-3.614201410030956;1
6;180000;26.0;-3.296073559523131;1
6;190000;26.0;-2.977616104406045;1
6;200000;26.0;-2.6588608901598847;1
6;210000;26.0;-2.3398397920404186;1
6;220000;26.0;-2.0205847118916087;1
6;230000;26.0;-1.701127574955396;1
6;240000;26.0;-1.3815003266793178;1
6;250000;26.0;-1.0617349295218181;1
6;260000;26.0;-0.7418633597561424;1
6;270000;26.0;-0.42191760427270847;1
6;280000;26.0;-0.10192965738041569;1
6;290000;26.0;0.21806848239264562;1
6;300000;26.0;0.5380448154991908;1
6;310000;26.0;0.8579673445725553;1
6;320000;26.0;1.1778040776264613;1
6;330000;26.0;1.4975230312540764;1
6;340000;26.0;1.8170922338264976;1
6;350000;26.0;2.1364797286897748;1
6;360000;26.0;2.4556535773606054;1
6;370000;26.0;2.7745818627200425;1
6;380000;26.0;3.0932326922053517;1
6;390000;26.0;3.4115742009991252;1
6;400000;26.0;3.7295745552157964;1
6;410000;26.0;4.047201955084886;1
6;420000;26.0;4.3644246381311245;1
6;430000;26.0;4.681210882350558;1
6;440000;26.0;4.997529009382781;1
6;450000;26.0;5.313347387678632;1
6;460000;26.0;5.628634435663488;1
6;470000;26.0;5.943358624895292;1
6;480000;26.0;6.257488483217417;1
6;490000;26.0;6.5709925979057475;1
6;500000;26.0;6.8838396188100965;1
6;510000;26.0;7.195998261489079;1
6;520000;26.0;7.507437310338558;1
6;530000;26.0;7.818125621713207;1
6;540000;26.0;8.12803212704074;1
6;550000;26.0;8.437125835928908;1
6;560000;26.0;8.745375839264396;1
6;570000;26.0;9.052751312303775;1
6;580000;26.0;9.35922151775583;1
6;590000;26.0;9.664755808855436;1
6;600000;26.0;9.969323632428091;1
6;610000;26.0;10.272894531945273;1
6;620000;26.0;10.57543815056995;1
6;630000;26.0;10.876924234192407;1
6;640000;26.0;11.177322634455516;1
6;650000;26.0;11.476603311769612;1
6;660000;26.0;11.774736338316309;1
6;670000;26.0;12.07169190104142;1
6;680000;26.0;12.367440304636139;1
6;690000;26.0;12.661951974506586;1
6;700000;26.0;12.955197459731146;1
6;710000;26.0;13.247147436005696;1
6;720000;26.0;13.537772708575899;1
6;730000;26.0;13.82704421515671;1
6;740000;26.0;14.114933028838475;1
6;750000;26.0;14.401410360979764;1
6;760000;26.0;14.68644756408609;1
6;770000;26.0;14.970016134674673;1
6;780000;26.0;15.252087716124784;1
6;790000;26.0;15.532634101513288;1
6;800000;26.0;15.811627236435461;1
6;810000;26.0;16.089039221810303;1
6;820000;26.0;16.364842316670476;1
6;830000;26.0;16.63900894093628;1
6;840000;26.0;16.911511678173785;1
6;850000;26.0;17.18232327833635;1
6;860000;26.0;17.451416660489663;1
6;870000;26.0;17.718764915519703;1
6;880000;26.0;17.984341308823776;1
6;890000;26.0;18.248119282983872;1
6;900000;26.0;18.510072460422407;1
6;910000;26.0;18.770174646039884;1
6;920000;26.0;19.028399829834516;1
6;930000;26.0;19.284722189503114;1
6;940000;26.0;19.53911609302333;1
6;950000;26.0;19.791556101216766;1
6;960000;26.0;20.042016970292988;1
6;970000;26.0;20.290473654373805;1
6;980000;26.0;20.53690130799788;1
6;990000;26.0;20.78127528860516;1
7;0;26.0;21.02357115900125;1
7;10000;26.0;21.263764689801025;1
7;20000;26.0;21.501831861851567;1
7;30000;26.0;21.737748868634075;1
7;40000;26.0;21.97149211864443;1
7;50000;26.0;22.203038237752438;1
7;60000;26.0;22.43236407153914;1
7;70000;26.0;22.65944668761228;1
7;80000;26.0;22.88426337789945;1
7;90000;26.0;23.10679166091899;1
7;100000;26.0;23.32700928402803;1
7;110000;26.0;23.544894225647795;1
7;120000;26.0;23.76042469746566;1
7;130000;26.0;23.97357914661406;1
7;140000;26.0;24.18433625782572;1
7;150000;26.0;24.39267495556516;1
7;160000;26.0;24.598574406136187;1
7;170000;26.0;24.802014019765345;1
7;180000;26.0;25.0029734526608;1
7;190000;26.0;25.20143260904675;1
7;200000;26.0;25.3973716431729;1
7;210000;26.0;25.590770961299143;1
7;220000;26.0;25.781611223654824;1
7;230000;26.0;25.96987334637276;1
7;240000;26.0;26.155538503397533;1
7;250000;26.0;26.338588128368176;1
7;260000;26.0;26.51900391647473;1
7;270000;26.0;26.696767826288735;1
7;280000;26.0;26.871862081567357;1
7;290000;26.0;27.044269173030955;1
7;300000;26.0;27.21397186011406;1
7;310000;26.0;27.38095317268939;1
7;320000;26.0;27.545196412764852;1
7;330000;26.0;27.706685156153277;1
7;340000;26.0;27.865403254114916;1
7;350000;26.0;28.02133483497223;1
7;360000;26.0;28.1744643056971;1
7;370000;26.0;28.324776353470025;1
7;380000;26.0;28.472255947211508;1
7;390000;26.0;28.61688833908507;1
7;400000;26.0;28.75865906597206;1
7;410000;26.0;28.897553950917914;1
7;420000;26.0;29.033559104549887;1
7;430000;26.0;29.166660926465962;1
7;440000;26.0;29.296846106594867;1
7;450000;26.0;29.42410162652706;1
7;460000;26.0;29.548414760816605;1
7;470000;26.0;29.669773078253662;1
7;480000;26.0;29.788164443107636;1
7;490000;26.0;29.903577016340673;1
7;500000;26.0;30.015999256791645;1
7;510000;26.0;30.125419922330185;1
7;520000;26.0;30.23182807098092;1
7;530000;26.0;30.33521306201768;1
7;540000;26.0;30.435564557027487;1
7;550000;26.0;30.532872520944473;1
7;560000;26.0;30.627127223053343;1
7;570000;26.0;30.718319237962437;1
7;580000;26.0;30.806439446546243;1
7;590000;26.0;30.891479036857337;1
7;600000;26.0;30.973429505007562;1
7;610000;26.0;31.0522826560184;1
7;620000;26.0;31.12803060464044;1
7;630000;26.0;31.20066577614196;1
7;640000;26.0;31.270180907066333;1
7;650000;26.0;31.3365690459584;1
7;660000;26.0;31.399823554059587;1
7;670000;26.0;31.4599381059718;1
7;680000;26.0;31.516906690289947;1
7;690000;26.0;31.570723610203068;1
7;700000;26.0;31.621383484064012;1
7;710000;26.0;31.668881245927615;1
7;720000;26.0;31.713212146057273;1
7;730000;26.0;31.75437175139992;1
7;740000;26.0;31.792355946029307;1
7;750000;26.0;31.827160931557636;1
7;760000;26.0;31.858783227515353;1
7;770000;26.0;31.887219671699217;1
7;780000;26.0;31.912467420488507;1
7;790000;26.0;31.93452394912938;1
7;800000;26.0;31.95338705198736;1
7;810000;26.0;31.969054842767868;1
7;820000;26.0;31.981525754704894;1
7;830000;26.0;31.99079854071763;1
7;840000;26.0;31.996872273535207;1
7;850000;26.0;31.9997463457894;1
7;860000;26.0;31.99942047007538;1
7;870000;26.0;31.99589467898045;1
7;880000;26.0;31.989169325080773;1
7;890000;26.0;31.979245080906143;1
7;900000;26.0;31.966122938872704;1
7;910000;26.0;31.949804211183725;1
7;920000;26.0;31.93029052969838;1
7;930000;26.0;31.907583845768546;1
7;940000;26.0;31.8816864300437;1
7;950000;26.0;31.852600872243837;1
7;960000;26.0;31.820330080900494;1
7;970000;26.0;31.784877283065914;1
7;980000;26.0;31.746246023990334;1
7;990000;26.0;31.704440166767473;1
8;0;26.0;31.659463891948217;1
8;10000;26.0;31.611321697122563;1
8;20000;26.0;31.56001839646988;1
8;30000;26.0;31.505559120277475;1
8;40000;26.0;31.44794931442759;1
8;50000;26.0;31.387194739852784;1
8;60000;26.0;31.323301471959915;1
8;70000;26.0;31.256275900022516;1
8;80000;26.0;31.18612472654192;1
8;90000;26.0;31.112854966577025;1
8;100000;26.0;31.03647394704276;1
8;110000;26.0;30.956989305977437;1
8;120000;26.0;30.87440899177892;1
8;130000;26.0;30.7887412624098;1
8;140000;26.0;30.699994684571653;1
8;150000;26.0;30.60817813284829;1
8;160000;26.0;30.513300788818377;1
8;170000;26.0;30.415372140137244;1
8;180000;26.0;30.31440197958816;1
8;190000;26.0;30.21040040410303;1
8;200000;26.0;30.10337781375274;1
8;210000;26.0;29.993344910707123;1
8;220000;26.0;29.880312698164822;1
8;230000;26.0;29.764292479252884;1
8;240000;26.0;29.645295855896517;1
8;250000;26.0;29.523334727658888;1
8;260000;26.0;29.39842129055119;1
8;270000;26.0;29.270568035813042;1
8;280000;26.0;29.139787748663373;1
8;290000;26.0;29.006093507021912;1
8;300000;26.0;28.86949868020139;1
8;310000;26.0;28.730016927570702;1
8;320000;26.0;28.587662197188862;1
8;330000;26.0;28.442448724410273;1
8;340000;26.0;28.294391030461206;1
8;350000;26.0;28.143503920987676;1
8;360000;26.0;27.989802484574888;1
8;370000;26.0;27.833302091238398;1
8;380000;26.0;27.6740183908871;1
8;390000;26.0;27.511967311758344;1
8;400000;26.0;27.347165058824974;1
8;410000;26.0;27.179628112174953;1
8;420000;26.0;27.00937322536333;1
8;430000;26.0;26.836417423736904;1
8;440000;26.0;26.66077800273171;1
8;450000;26.0;26.482472526143486;1
8;460000;26.0;26.30151882437127;1
8;470000;26.0;26.117934992634506;1
8;480000;26.0;25.931739389163354;1
8;490000;26.0;25.742950633362994;1
8;500000;26.0;25.55158760395169;1
8;510000;26.0;25.357669437072907;1
8;520000;26.0;25.161215524381735;1
8;530000;26.0;24.96224551110574;1
8;540000;26.0;24.76077929408043;1
8;550000;26.0;24.556837019759595;1
8;560000;26.0;24.35043908220078;1
8;570000;26.0;24.14160612102571;1
8;580000;26.0;23.930359019356477;1
8;590000;26.0;23.716718901727205;1
8;600000;26.0;23.50070713197163;1
8;610000;26.0;23.28234531108671;1
8;620000;26.0;23.061655275072578;1
8;630000;26.0;22.838659092748877;1
8;640000;26.0;22.613379063548095;1
8;650000;26.0;22.385837715285376;1
8;660000;26.0;22.156057801905934;1
8;670000;26.0;21.92406230120962;1
8;680000;26.0;21.689874412553177;1
8;690000;26.0;21.45351755453031;1
8;700000;26.0;21.215015362629867;1
8;710000;26.0;20.974391686872238;1
8;720000;26.0;20.731670589424564;1
8;730000;26.0;20.486876342194282;1
8;740000;26.0;20.24003342440212;1
8;750000;26.0;19.991166520134158;1
8;760000;26.0;19.740300515873432;1
8;770000;26.0;19.487460498011313;1
8;780000;26.0;19.23267175033889;1
8;790000;26.0;18.97595975151861;1
8;800000;26.0;18.717350172536374;1
8;810000;26.0;18.45686887413467;1
8;820000;26.0;18.19454190422623;1
8;830000;26.0;17.93039549528943;1
8;840000;26.0;17.664456061745053;1
8;850000;26.0;17.39675019731483;1
8;860000;26.0;17.12730467236212;1
8;870000;26.0;16.856146431214878;1
8;880000;26.0;16.583302589471206;1
8;890000;26.0;16.308800431288013;1
8;900000;26.0;16.03266740665231;1
8;910000;26.0;15.754931128636454;1
8;920000;26.0;15.4756193706368;1
8;930000;26.0;15.194760063596389;1
8;940000;26.0;14.912381293211876;1
8;950000;26.0;14.628511297124986;1
8;960000;26.0;14.343178462098717;1
8;970000;26.0;14.0564113211789;1
8;980000;26.0;13.768238550840598;1
8;990000;26.0;13.478688968120709;1
9;0;26.0;13.187791527736211;1
9;10000;26.0;12.895575319188728;1
9;20000;26.0;12.602069563855604;1
9;30000;26.0;12.307303612067784;1
9;40000;26.0;12.011306940174808;1
9;50000;26.0;11.714109147597153;1
9;60000;26.0;11.415739953866515;1
9;70000;26.0;11.116229195653576;1
9;80000;26.0;10.815606823784563;1
9;90000;26.0;10.51390290024615;1
9;100000;26.0;10.211147595179268;1
9;110000;26.0;9.907371183862129;1
9;120000;26.0;9.60260404368272;1
9;130000;26.0;9.29687665110103;1
9;140000;26.0;8.990219578601657;1
9;150000;26.0;8.682663491636248;1
9;160000;26.0;8.374239145557203;1
9;170000;26.0;8.064977382542112;1
9;180000;26.0;7.754909128509561;1
9;190000;26.0;7.4440653900265605;1
9;200000;26.0;7.132477251207924;1
9;210000;26.0;6.820175870607824;1
9;220000;26.0;6.507192478104178;1
9;230000;26.0;6.1935583717753655;1
9;240000;26.0;5.879304914770656;1
9;250000;26.0;5.564463532173874;1
9;260000;26.0;5.249065707860912;1
9;270000;26.0;4.93314298135137;1
9;280000;26.0;4.616726944654633;1
9;290000;26.0;4.2998492391106895;1
9;300000;26.0;3.9825415522259746;1
9;310000;26.0;3.6648356145048666;1
9;320000;26.0;3.3467631962763282;1
9;330000;26.0;3.0283561045171217;1
9;340000;26.0;2.7096461796710853;1
9;350000;26.0;2.390665292465113;1
9;360000;26.0;2.0714453407221085;1
9;370000;26.0;1.7520182461712306;1
9;380000;26.0;1.4324159512556889;1
9;390000;26.0;1.1126704159387546;1
9;400000;26.0;0.7928136145074485;1
9;410000;26.0;0.47287753237536756;1
9;420000;26.0;0.15289416288411237;1
9;430000;26.0;-0.0;1
9;440000;26.0;-0.0;1
9;450000;26.0;-0.0;1
9;460000;26.0;-0.0;1
9;470000;26.0;-0.0;1
9;480000;26.0;-0.0;1
9;490000;26.0;-0.0;1
9;500000;26.0;-0.0;1
9;510000;26.0;-0.0;1
9;520000;26.0;-0.0;1
9;530000;26.0;-0.0;1
9;540000;26.0;-0.0;1
9;550000;26.0;-0.0;1
9;560000;26.0;-0.0;1
9;570000;26.0;-0.0;1
9;580000;26.0;-0.0;1
9;590000;26.0;-0.0;1
9;600000;26.0;-0.0;1
9;610000;26.0;-0.0;1
9;620000;26.0;-0.0;1
9;630000;26.0;-0.0;1
9;640000;26.0;-0.0;1
9;650000;26.0;-0.0;1
9;660000;26.0;-0.0;1
9;670000;26.0;-0.0;1
9;680000;26.0;-0.0;1
9;690000;26.0;-0.0;1
9;700000;26.0;-0.0;1
9;710000;26.0;-0.0;1
9;720000;26.0;-0.0;1
9;730000;26.0;-0.0;1
9;740000;26.0;-0.0;1
9;750000;26.0;-0.0;1
9;760000;26.0;-0.0;1
9;770000;26.0;-0.0;1
9;780000;26.0;-0.0;1
9;790000;26.0;-0.0;1
9;800000;26.0;-0.0;1
9;810000;26.0;-0.0;1
9;820000;26.0;-0.0;1
9;830000;26.0;-0.0;0
9;840000;26.0;-0.0;0
9;850000;26.0;-0.0;0
9;860000;26.0;-0.0;0
9;870000;26.0;-0.0;0
9;880000;26.0;-0.0;0
9;890000;26.0;-0.0;0
9;900000;26.0;-0.0;0
9;910000;26.0;-0.0;0
9;920000;26.0;-0.0;0
9;930000;26.0;-0.0;0
9;940000;26.0;-0.0;0
9;950000;26.0;-0.0;0
9;960000;26.0;-0.0;0
9;970000;26.0;-0.0;0
9;980000;26.0;-0.0;0
9;990000;26.0;-0.0;0
10;0;26.0;-0.0;0
10;10000;26.0;-0.0;0
10;20000;26.0;-0.0;0
10;30000;26.0;-0.0;0
10;40000;26.0;-0.0;0
10;50000;26.0;-0.0;0
10;60000;26.0;-0.0;0
10;70000;26.0;-0.0;0
10;80000;26.0;-0.0;0
10;90000;26.0;-0.0;0
10;100000;26.0;-0.0;0
10;110000;26.0;-0.0;0
10;120000;26.0;-0.0;0
10;130000;26.0;-0.0;0
10;140000;26.0;-0.0;0
10;150000;26.0;-0.0;0
10;160000;26.0;-0.0;0
10;170000;26.0;-0.0;0
10;180000;26.0;-0.0;0
10;190000;26.0;-0.0;0
10;200000;26.0;-0.0;0
10;210000;26.0;-0.0;0
10;220000;26.0;-0.0;0
10;230000;26.0;-0.0;0
10;240000;26.0;-0.0;0
10;250000;26.0;-0.0;0
10;260000;26.0;-0.0;0
10;270000;26.0;-0.0;0
10;280000;26.0;-0.0;0
10;290000;26.0;-0.0;0
10;300000;26.0;-0.0;0
10;310000;26.0;-0.0;0
10;320000;26.0;-0.0;0
10;330000;26.0;-0.0;0
10;340000;26.0;-0.0;0
10;350000;26.0;-0.0;0
10;360000;26.0;-0.0;0
10;370000;26.0;-0.0;0
10;380000;26.0;-0.0;0
10;390000;26.0;-0.0;0
10;400000;26.0;-0.0;0
10;410000;26.0;-0.0;0
10;420000;26.0;-0.0;0
10;430000;26.0;-0.0;0
10;440000;26.0;-0.0;0
10;450000;26.0;-0.0;0
10;460000;26.0;-0.0;0
10;470000;26.0;-0.0;0
10;480000;26.0;-0.0;0
10;490000;26.0;-0.0;0
10;500000;26.0;-0.0;0
10;510000;26.0;-0.0;0
10;520000;26.0;-0.0;0
10;530000;26.0;-0.0;0
10;540000;26.0;-0.0;0
10;550000;26.0;-0.0;0
10;560000;26.0;-0.0;0
10;570000;26.0;-0.0;0
10;580000;26.0;-0.0;0
10;590000;26.0;-0.0;0
10;600000;26.0;-0.0;0
10;610000;26.0;-0.0;0
10;620000;26.0;-0.0;0
10;630000;26.0;-0.0;0
10;640000;26.0;-0.0;0
10;650000;26.0;-0.0;0
10;660000;26.0;-0.0;0
10;670000;26.0;-0.0;0
10;680000;26.0;-0.0;0
10;690000;26.0;-0.0;0
10;700000;26.0;-0.0;0
10;710000;26.0;-0.0;0
10;720000;26.0;-0.0;0
10;730000;26.0;-0.0;0
10;740000;26.0;-0.0;0
10;750000;26.0;-0.0;0
10;760000;26.0;-0.0;0
10;770000;26.0;-0.0;0
10;780000;26.0;-0.0;0
10;790000;26.0;-0.0;0
10;800000;26.0;-0.0;0
10;810000;26.0;-0.0;0
10;820000;26.0;-0.0;0
10;830000;26.0;-0.0;0
10;840000;26.0;-0.0;0
10;850000;26.0;-0.0;0
10;860000;26.0;-0.0;0
10;870000;26.0;-0.0;0
10;880000;26.0;-0.0;0
10;890000;26.0;-0.0;0
10;900000;26.0;-0.0;0
10;910000;26.0;-0.0;0
10;920000;26.0;-0.0;0
10;930000;26.0;-0.0;0
10;940000;26.0;-0.0;0
10;950000;26.0;-0.0;0
10;960000;26.0;-0.0;0
10;970000;26.0;-0.0;0
10;980000;26.0;-0.0;0
10;990000;26.0;-0.0;0
11;0;26.0;-0.0;0
11;10000;26.0;-0.0;0
11;20000;26.0;-0.0;0
11;30000;26.0;-0.0;0
11;40000;26.0;-0.0;0
11;50000;26.0;-0.0;0
11;60000;26.0;-0.0;0
11;70000;26.0;-0.0;0
11;80000;26.0;-0.0;0
11;90000;26.0;-0.0;0
11;100000;26.0;-0.0;0
11;110000;26.0;-0.0;0
11;120000;26.0;-0.0;0
11;130000;26.0;-0.0;0
11;140000;26.0;-0.0;0
11;150000;26.0;-0.0;0
11;160000;26.0;-0.0;0
11;170000;26.0;-0.0;0
11;180000;26.0;-0.0;0
11;190000;26.0;-0.0;0
11;200000;26.0;-0.0;0
11;210000;26.0;-0.0;0
11;220000;26.0;-0.0;0
11;230000;26.0;-0.0;0
11;240000;26.0;-0.0;0
11;250000;26.0;-0.0;0
11;260000;26.0;-0.0;0
11;270000;26.0;-0.0;0
11;280000;26.0;-0.0;0
11;290000;26.0;-0.0;0
11;300000;26.0;-0.0;0
11;310000;26.0;-0.0;0
11;320000;26.0;-0.0;0
11;330000;26.0;-0.0;0
11;340000;26.0;-0.0;0
11;350000;26.0;-0.0;0
11;360000;26.0;-0.0;0
11;370000;26.0;-0.0;0
11;380000;26.0;-0.0;0
11;390000;26.0;-0.0;0
11;400000;26.0;-0.0;0
11;410000;26.0;-0.0;0
11;420000;26.0;-0.0;0
11;430000;26.0;-0.0;0
11;440000;26.0;-0.0;0
11;450000;26.0;-0.0;0
11;460000;26.0;-0.0;0
11;470000;26.0;-0.0;0
11;480000;26.0;-0.0;0
11;490000;26.0;-0.0;0
11;500000;26.0;-0.0;0
11;510000;26.0;-0.0;0
11;520000;26.0;-0.0;0
11;530000;26.0;-0.0;0
11;540000;26.0;-0.0;0
11;550000;26.0;-0.0;0
11;560000;26.0;-0.0;0
11;570000;26.0;-0.0;0
11;580000;26.0;-0.0;0
11;590000;26.0;-0.0;0
11;600000;26.0;-0.0;0
11;610000;26.0;-0.0;0
11;620000;26.0;-0.0;0
11;630000;26.0;-0.0;0
11;640000;26.0;-0.0;0
11;650000;26.0;-0.0;0
11;660000;26.0;-0.0;0
11;670000;26.0;-0.0;0
11;680000;26.0;-0.0;0
11;690000;26.0;-0.0;0
11;700000;26.0;-0.0;0
11;710000;26.0;-0.0;0
11;720000;26.0;-0.0;0
11;730000;26.0;-0.0;0
11;740000;26.0;-0.0;0
11;750000;26.0;-0.0;0
11;760000;26.0;-0.0;0
11;770000;26.0;-0.0;0
11;780000;26.0;-0.0;0
11;790000;26.0;-0.0;0
11;800000;26.0;-0.0;0
11;810000;26.0;-0.0;0
11;820000;26.0;-0.0;0
11;830000;26.0;-0.0;0
11;840000;26.0;-0.0;0
11;850000;26.0;-0.0;0
11;860000;26.0;-0.0;0
11;870000;26.0;-0.0;0
11;880000;26.0;-0.0;0
11;890000;26.0;-0.0;0
11;900000;26.0;-0.0;0
11;910000;26.0;-0.0;0
11;920000;26.0;-0.0;0
11;930000;26.0;-0.0;0
11;940000;26.0;-0.0;0
11;950000;26.0;-0.0;0
11;960000;26.0;-0.0;0
11;970000;26.0;-0.0;0
11;980000;26.0;-0.0;0
11;990000;26.0;-0.0;0
12;0;26.0;-0.0;0
12;10000;26.0;-0.0;0
12;20000;26.0;-0.0;0
12;30000;26.0;-0.0;0
12;40000;26.0;-0.0;0
12;50000;26.0;-0.0;0
12;60000;26.0;-0.0;0
12;70000;26.0;-0.0;0
12;80000;26.0;-0.0;0
12;90000;26.0;-0.0;0
12;100000;26.0;-0.0;0
12;110000;26.0;-0.0;0
12;120000;26.0;-0.0;0
12;130000;26.0;-0.0;0
12;140000;26.0;-0.0;0
12;150000;26.0;-0.0;0
12;160000;26.0;-0.0;0
12;170000;26.0;-0.0;0
12;180000;26.0;-0.0;0
12;190000;26.0;-0.0;0
12;200000;26.0;-0.0;0
12;210000;26.0;-0.0;0
12;220000;26.0;-0.0;0
12;230000;26.0;-0.0;0
12;240000;26.0;-0.0;0
12;250000;26.0;-0.0;0
12;260000;26.0;-0.0;0
12;270000;26.0;-0.0;0
12;280000;26.0;-0.0;0
12;290000;26.0;-0.0;0
12;300000;26.0;-0.0;0
12;310000;26.0;-0.0;0
12;320000;26.0;-0.0;0
12;330000;26.0;-0.0;0
12;340000;26.0;-0.0;0
12;350000;26.0;-0.0;0
12;360000;26.0;-0.0;0
12;370000;26.0;-0.0;0
12;380000;26.0;-0.0;0
12;390000;26.0;-0.0;0
12;400000;26.0;-0.0;0
12;410000;26.0;-0.0;0
12;420000;26.0;-0.0;0
12;430000;26.0;-0.0;0
12;440000;26.0;-0.0;0
12;450000;26.0;-0.0;0
12;460000;26.0;-0.0;0
12;470000;26.0;-0.0;0
12;480000;26.0;-0.0;0
12;490000;26.0;-0.0;0
12;500000;26.0;-0.0;0
12;510000;26.0;-0.0;0
12;520000;26.0;-0.0;0
12;530000;26.0;-0.0;0
12;540000;26.0;-0.0;0
12;550000;26.0;-0.0;0
12;560000;26.0;-0.0;0
12;570000;26.0;0.0;0
12;580000;26.0;0.0;0
12;590000;26.0;0.0;0
12;600000;26.0;0.0;0
12;610000;26.0;0.0;0
12;620000;26.0;0.0;0
12;630000;26.0;0.0;0
12;640000;26.0;0.0;0
12;650000;26.0;0.0;0
12;660000;26.0;0.0;0
12;670000;26.0;0.0;0
12;680000;26.0;0.0;0
12;690000;26.0;0.0;0
12;700000;26.0;0.0;0
12;710000;26.0;0.0;0
12;720000;26.0;0.0;0
12;730000;26.0;0.0;0
12;740000;26.0;0.0;0
12;750000;26.0;0.0;0
12;760000;26.0;0.0;0
12;770000;26.0;0.0;0
12;780000;26.0;0.0;0
12;790000;26.0;0.0;0
12;800000;26.0;0.0;0
12;810000;26.0;0.0;0
12;820000;26.0;0.0;0
12;830000;26.0;0.0;0
12;840000;26.0;0.0;0
12;850000;26.0;0.0;0
12;860000;26.0;0.0;0
12;870000;26.0;0.0;0
12;880000;26.0;0.0;0
12;890000;26.0;0.0;0
12;900000;26.0;0.0;0
12;910000;26.0;0.0;0
12;920000;26.0;0.0;0
12;930000;26.0;0.0;0
12;940000;26.0;0.0;0
12;950000;26.0;0.0;0
12;960000;26.0;0.0;0
12;970000;26.0;0.0;0
12;980000;26.0;0.0;0
12;990000;26.0;0.0;0
13;0;26.0;0.0;0
13;10000;26.0;0.0;0
13;20000;26.0;0.0;0
13;30000;26.0;0.0;0
13;40000;26.0;0.0;0
13;50000;26.0;0.0;0
13;60000;26.0;0.0;0
13;70000;26.0;0.0;0
13;80000;26.0;0.0;0
13;90000;26.0;0.0;0
13;100000;26.0;0.0;0
13;110000;26.0;0.0;0
13;120000;26.0;0.0;0
13;130000;26.0;0.0;0
13;140000;26.0;0.0;0
13;150000;26.0;0.0;0
13;160000;26.0;0.0;0
13;170000;26.0;0.0;0
13;180000;26.0;0.0;0
13;190000;26.0;0.0;0
13;200000;26.0;0.0;0
13;210000;26.0;0.0;0
13;220000;26.0;0.0;0
13;230000;26.0;0.0;0
13;240000;26.0;0.0;0
13;250000;26.0;0.0;0
13;260000;26.0;0.0;0
13;270000;26.0;0.0;0
13;280000;26.0;0.0;0
13;290000;26.0;0.0;0
13;300000;26.0;0.0;0
13;310000;26.0;0.0;0
13;320000;26.0;0.0;0
13;330000;26.0;0.0;0
13;340000;26.0;0.0;0
13;350000;26.0;0.0;0
13;360000;26.0;0.0;0
13;370000;26.0;0.0;0
13;380000;26.0;0.0;0
13;390000;26.0;0.0;0
13;400000;26.0;0.0;0
13;410000;26.0;0.0;0
13;420000;26.0;0.0;0
13;430000;26.0;0.0;0
13;440000;26.0;0.0;0
13;450000;26.0;0.0;0
13;460000;26.0;0.0;0
13;470000;26.0;0.0;0
13;480000;26.0;0.0;0
13;490000;26.0;0.0;0
13;500000;26.0;0.0;0
13;510000;26.0;0.0;0
13;520000;26.0;0.0;0
13;530000;26.0;0.0;0
13;540000;26.0;0.0;0
13;550000;26.0;0.0;0
13;560000;26.0;0.0;0
13;570000;26.0;0.0;0
13;580000;26.0;0.0;0
13;590000;26.0;0.0;0
13;600000;26.0;0.0;0
13;610000;26.0;0.0;0
13;620000;26.0;0.0;0
13;630000;26.0;0.0;0
13;640000;26.0;0.0;0
13;650000;26.0;0.0;0
13;660000;26.0;0.0;0
13;670000;26.0;0.0;0
13;680000;26.0;0.0;0
13;690000;26.0;0.0;0
13;700000;26.0;0.0;0
13;710000;26.0;0.0;0
13;720000;26.0;0.0;0
13;730000;26.0;0.0;0
13;740000;26.0;0.0;0
13;750000;26.0;0.0;0
13;760000;26.0;0.0;0
13;770000;26.0;0.0;0
13;780000;26.0;0.0;0
13;790000;26.0;0.0;0
13;800000;26.0;0.0;0
13;810000;26.0;0.0;0
13;820000;26.0;0.0;0
13;830000;26.0;0.0;0
13;840000;26.0;0.0;0
13;850000;26.0;0.0;0
13;860000;26.0;0.0;0
13;870000;26.0;0.0;0
13;880000;26.0;0.0;0
13;890000;26.0;0.0;0
13;900000;26.0;0.0;0
13;910000;26.0;0.0;0
13;920000;26.0;0.0;0
13;930000;26.0;0.0;0
13;940000;26.0;0.0;0
13;950000;26.0;0.0;0
13;960000;26.0;0.0;0
13;970000;26.0;0.0;0
13;980000;26.0;0.0;0
13;990000;26.0;0.0;0
14;0;26.0;0.0;0
14;10000;26.0;0.0;0
14;20000;26.0;0.0;0
14;30000;26.0;0.0;0
14;40000;26.0;0.0;0
14;50000;26.0;0.0;0
14;60000;26.0;0.0;0
14;70000;26.0;0.0;0
14;80000;26.0;0.0;0
14;90000;26.0;0.0;0
14;100000;26.0;0.0;0
14;110000;26.0;0.0;0
14;120000;26.0;0.0;0
14;130000;26.0;0.0;0
14;140000;26.0;0.0;0
14;150000;26.0;0.0;0
14;160000;26.0;0.0;0
14;170000;26.0;0.0;0
14;180000;26.0;0.0;0
14;190000;26.0;0.0;0
14;200000;26.0;0.0;0
14;210000;26.0;0.0;0
14;220000;26.0;0.0;0
14;230000;26.0;0.0;0
14;240000;26.0;0.0;0
14;250000;26.0;0.0;0
14;260000;26.0;0.0;0
14;270000;26.0;0.0;0
14;280000;26.0;0.0;0
14;290000;26.0;0.0;0
14;300000;26.0;0.0;0
14;310000;26.0;0.0;0
14;320000;26.0;0.0;0
14;330000;26.0;0.0;0
14;340000;26.0;0.0;0
14;350000;26.0;0.0;0
14;360000;26.0;0.0;0
14;370000;26.0;0.0;0
14;380000;26.0;0.0;0
14;390000;26.0;0.0;0
14;400000;26.0;0.0;0
14;410000;26.0;0.0;0
14;420000;26.0;0.0;0
14;430000;26.0;0.0;0
14;440000;26.0;0.0;0
14;450000;26.0;0.0;0
14;460000;26.0;0.0;0
14;470000;26.0;0.0;0
14;480000;26.0;0.0;0
14;490000;26.0;0.0;0
14;500000;26.0;0.0;0
14;510000;26.0;0.0;0
14;520000;26.0;0.0;0
14;530000;26.0;0.0;0
14;540000;26.0;0.0;0
14;550000;26.0;0.0;0
14;560000;26.0;0.0;0
14;570000;26.0;0.0;0
14;580000;26.0;0.0;0
14;590000;26.0;0.0;0
14;600000;26.0;0.0;0
14;610000;26.0;0.0;0
14;620000;26.0;0.0;0
14;630000;26.0;0.0;0
14;640000;26.0;0.0;0
14;650000;26.0;0.0;0
14;660000;26.0;0.0;0
14;670000;26.0;0.0;0
14;680000;26.0;0.0;0
14;690000;26.0;0.0;0
14;700000;26.0;0.0;0
14;710000;26.0;0.0;0
14;720000;26.0;0.0;0
14;730000;26.0;0.0;0
14;740000;26.0;0.0;0
14;750000;26.0;0.0;0
14;760000;26.0;0.0;0
14;770000;26.0;0.0;0
14;780000;26.0;0.0;0
14;790000;26.0;0.0;0
14;800000;26.0;0.0;0
14;810000;26.0;0.0;0
14;820000;26.0;0.0;0
14;830000;26.0;0.0;0
14;840000;26.0;0.0;0
14;850000;26.0;0.0;0
14;860000;26.0;0.0;0
14;870000;26.0;0.0;0
14;880000;26.0;0.0;0
14;890000;26.0;0.0;0
14;900000;26.0;0.0;0
14;910000;26.0;0.0;0
14;920000;26.0;0.0;0
14;930000;26.0;0.0;0
14;940000;26.0;0.0;0
14;950000;26.0;0.0;0
14;960000;26.0;0.0;0
14;970000;26.0;0.0;0
14;980000;26.0;0.0;0
14;990000;26.0;0.0;0
15;0;26.0;0.0;0
15;10000;26.0;0.0;0
15;20000;26.0;0.0;0
15;30000;26.0;0.0;0
15;40000;26.0;0.0;0
15;50000;26.0;0.0;0
15;60000;26.0;0.0;0
15;70000;26.0;0.0;0
15;80000;26.0;0.0;0
15;90000;26.0;0.0;0
15;100000;26.0;0.0;0
15;110000;26.0;0.0;0
15;120000;26.0;0.0;0
15;130000;26.0;0.0;0
15;140000;26.0;0.0;0
15;150000;26.0;0.0;0
15;160000;26.0;0.0;0
15;170000;26.0;0.0;0
15;180000;26.0;0.0;0
15;190000;26.0;0.0;0
15;200000;26.0;0.0;0
15;210000;26.0;0.0;0
15;220000;26.0;0.0;0
15;230000;26.0;0.0;0
15;240000;26.0;0.0;0
15;250000;26.0;0.0;0
15;260000;26.0;0.0;0
15;270000;26.0;0.0;0
15;280000;26.0;0.0;0
15;290000;26.0;0.0;0
15;300000;26.0;0.0;0
15;310000;26.0;0.0;1
15;320000;26.0;0.0;1
15;330000;26.0;0.0;1
15;340000;26.0;0.0;1
15;350000;26.0;0.0;1
15;360000;26.0;0.0;1
15;370000;26.0;0.0;1
15;380000;26.0;0.0;1
15;390000;26.0;0.0;1
15;400000;26.0;0.0;1
15;410000;26.0;0.0;1
15;420000;26.0;0.0;1
15;430000;26.0;0.0;1
15;440000;26.0;0.0;1
15;450000;26.0;0.0;1
15;460000;26.0;0.0;1
15;470000;26.0;0.0;1
15;480000;26.0;0.0;1
15;490000;26.0;0.0;1
15;500000;26.0;0.0;1
15;510000;26.0;0.0;1
15;520000;26.0;0.0;1
15;530000;26.0;0.0;1
15;540000;26.0;0.0;1
15;550000;26.0;0.0;1
15;560000;26.0;0.0;1
15;570000;26.0;0.0;1
15;580000;26.0;0.0;1
15;590000;26.0;0.0;1
15;600000;26.0;0.0;1
15;610000;26.0;0.0;1
15;620000;26.0;0.0;1
15;630000;26.0;0.0;1
15;640000;26.0;0.0;1
15;650000;26.0;0.0;1
15;660000;26.0;0.0;1
15;670000;26.0;0.0;1
15;680000;26.0;0.0;1
15;690000;26.0;0.0;1
15;700000;26.0;0.0;1
15;710000;26.0;-0.06517538057216042;1
15;720000;26.0;-0.38516612481051443;1
15;730000;26.0;-0.705118352757358;1
15;740000;26.0;-1.0250000694565227;1
15;750000;26.0;-1.3447792870029054;1
15;760000;26.0;-1.6644240277412337;1
15;770000;26.0;-1.983902327463803;1
15;780000;26.0;-2.3031822386068725;1
15;790000;26.0;-2.622231833445394;1
15;800000;26.0;-2.9410192072858123;1
15;810000;26.0;-3.2595124816562873;1
15;820000;26.0;-3.577679807494848;1
15;830000;26.0;-3.895489368334049;1
15;840000;26.0;-4.212909383482647;1
15;850000;26.0;-4.5299081112036435;1
15;860000;26.0;-4.8464538518884295;1
15;870000;26.0;-5.162514951226725;1
15;880000;26.0;-5.478059803372036;1
15;890000;26.0;-5.793056854101987;1
15;900000;26.0;-6.10747460397406;1
15;910000;26.0;-6.421281611475281;1
15;920000;26.0;-6.734446496166404;1
15;930000;26.0;-7.046937941819931;1
15;940000;26.0;-7.358724699551705;1
15;950000;26.0;-7.669775590945774;1
15;960000;26.0;-7.980059511172261;1
15;970000;26.0;-8.289545432097603;1
15;980000;26.0;-8.598202405387667;1
15;990000;26.0;-8.905999565602338;1
16;0;26.0;-9.21290613328209;1
16;10000;26.0;-9.518891418025964;1
16;20000;26.0;-9.82392482156031;1
16;30000;26.0;-10.127975840799184;1
16;40000;26.0;-10.431014070893823;1
16;50000;26.0;-10.733009208273963;1
16;60000;26.0;-11.033931053677312;1
16;70000;26.0;-11.333749515170313;1
16;80000;26.0;-11.632434611156452;1
16;90000;26.0;-11.929956473375242;1
16;100000;26.0;-12.226285349888292;1
16;110000;26.0;-12.521391608054785;1
16;120000;26.0;-12.815245737495037;1
16;130000;26.0;-13.10781835304077;1
16;140000;26.0;-13.399080197674447;1
16;150000;26.0;-13.689002145454118;1
16;160000;26.0;-13.97755520442681;1
16;170000;26.0;-14.264710519526982;1
16;180000;26.0;-14.55043937546232;1
16;190000;26.0;-14.834713199585538;1
16;200000;26.0;-15.117503564750917;1
16;210000;26.0;-15.398782192157798;1
16;220000;26.0;-15.67852095417764;1
16;230000;26.0;-15.956691877167554;1
16;240000;26.0;-16.23326714426685;1
16;250000;26.0;-16.5082190981795;1
16;260000;26.0;-16.78152024393913;1
16;270000;26.0;-17.053143251658824;1
16;280000;26.0;-17.323060959264353;1
16;290000;26.0;-17.5912463752097;1
16;300000;26.0;-17.85767268117694;1
16;310000;26.0;-18.122313234757314;1
16;320000;26.0;-18.385141572116183;1
16;330000;26.0;-18.646131410638645;1
16;340000;26.0;-18.90525665155853;1
16;350000;26.0;-19.162491382567588;1
16;360000;26.0;-19.417809880406985;1
16;370000;26.0;-19.671186613439886;1
16;380000;26.0;-19.922596244203955;1
16;390000;26.0;-20.172013631945802;1
16;400000;26.0;-20.41941383513432;1
16;410000;26.0;-20.664772113955536;1
16;420000;26.0;-20.90806393278594;1
16;430000;26.0;-21.149264962646306;1
16;440000;26.0;-21.388351083634824;1
16;450000;26.0;-21.62529838733846;1
16;460000;26.0;-21.860083179224468;1
16;470000;26.0;-22.092681981009147;1
16;480000;26.0;-22.323071533006313;1
16;490000;26.0;-22.551228796452595;1
16;500000;26.0;-22.777130955811938;1
16;510000;26.0;-23.00075542105658;1
16;520000;26.0;-23.222079829926273;1
16;530000;26.0;-23.441082050164717;1
16;540000;26.0;-23.657740181732237;1
16;550000;26.0;-23.872032558996377;1
16;560000;26.0;-24.08393775289784;1
16;570000;26.0;-24.29343457309397;1
16;580000;26.0;-24.50050207007717;1
16;590000;26.0;-24.70511953727046;1
16;600000;26.0;-24.90726651309755;1
16;610000;26.0;-25.106922783029248;1
16;620000;26.0;-25.304068381605077;1
16;630000;26.0;-25.49868359442933;1
16;640000;26.0;-25.690748960143043;1
16;650000;26.0;-25.880245272369557;1
16;660000;26.0;-26.067153581635704;1
16;670000;26.0;-26.25145519726624;1
16;680000;26.0;-26.433131689253123;1
16;690000;26.0;-26.612164890098683;1
16;700000;26.0;-26.788536896631896;1
16;710000;26.0;-26.96223007179922;1
16;720000;26.0;-27.133227046427752;1
16;730000;26.0;-27.301510720962646;1
16;740000;26.0;-27.46706426717657;1
16;750000;26.0;-27.62987112985298;1
16;760000;26.0;-27.789915028441218;1
16;770000;26.0;-27.94717995868474;1
16;780000;26.0;-28.101650194221687;1
16;790000;26.0;-28.253310288157124;1
16;800000;26.0;-28.402145074608146;1
16;810000;26.0;-28.548139670220028;1
16;820000;26.0;-28.691279475654976;1
16;830000;26.0;-28.831550177051632;1
16;840000;26.0;-28.96893774745684;1
16;850000;26.0;-29.103428448228005;1
16;860000;26.0;-29.235008830407075;1
16;870000;26.0;-29.363665736065578;1
16;880000;26.0;-29.48938629962007;1
16;890000;26.0;-29.612157949119048;1
16;900000;26.0;-29.73196840749979;1
16;910000;26.0;-29.84880569381638;1
16;920000;26.0;-29.96265812443751;1
16;930000;26.0;-30.073514314214954;1
16;940000;26.0;-30.181363177622195;1
16;950000;26.0;-30.286193929862687;1
16;960000;26.0;-30.387996087948643;1
16;970000;26.0;-30.48675947174901;1
16;980000;26.0;-30.582474205007788;1
16;990000;26.0;-30.675130716331342;1
17;0;26.0;-30.764719740145818;1
17;10000;26.0;-30.851232317623463;1
17;20000;26.0;-30.934659797578586;1
17;30000;26.0;-31.014993837332778;1
17;40000;26.0;-31.092226403548953;1
17;50000;26.0;-31.166349773034902;1
17;60000;26.0;-31.237356533515392;1
17;70000;26.0;-31.3052395843736;1
17;80000;26.0;-31.36999213736096;1
17;90000;26.0;-31.43160771727618;1
17;100000;26.0;-31.49008016261259;1
17;110000;26.0;-31.545403626174362;1
17;120000;26.0;-31.597572575661285;1
17;130000;26.0;-31.646581794221852;1
17;140000;26.0;-31.69242638097507;1
17;150000;26.0;-31.735101751500448;1
17;160000;26.0;-31.77460363829652;1
17;170000;26.0;-31.810928091207508;1
17;180000;26.0;-31.84407147781838;1
17;190000;26.0;-31.87403048381812;1
17;200000;26.0;-31.900802113331075;1
17;210000;26.0;-31.924383689216615;1
17;220000;26.0;-31.944772853336794;1
17;230000;26.0;-31.9619675667922;1
17;240000;26.0;-31.975966110125803;1
17;250000;26.0;-31.98676708349495;1
17;260000;26.0;-31.994369406811295;1
17;270000;26.0;-31.998772319848847;1
17;280000;26.0;-31.999975382319967;1
17;290000;26.0;-31.99797847391941;1
17;300000;26.0;-31.992781794336356;1
17;310000;26.0;-31.984385863234433;1
17;320000;26.0;-31.97279152019975;1
17;330000;26.0;-31.957999924656953;1
17;340000;26.0;-31.940012555753267;1
17;350000;26.0;-31.918831212210588;1
17;360000;26.0;-31.894458012145638;1
17;370000;26.0;-31.866895392858087;1
17;380000;26.0;-31.83614611058692;1
17;390000;26.0;-31.802213240234718;1
17;400000;26.0;-31.76510017506026;1
17;410000;26.0;-31.72481062633911;1
17;420000;26.0;-31.68134862299258;1
17;430000;26.0;-31.634718511184804;1
17;440000;26.0;-31.58492495388807;1
17;450000;26.0;-31.531972930416647;1
17;460000;26.0;-31.47586773592872;1
17;470000;26.0;-31.416614980897023;1
17;480000;26.0;-31.35422059054764;1
17;490000;26.0;-31.288690804267656;1
17;500000;26.0;-31.220032174981043;1
17;510000;26.0;-31.148251568493535;1
17;520000;26.0;-31.073356162805997;1
17;530000;26.0;-30.99535344739653;1
17;540000;26.0;-30.914251222471723;1
17;550000;26.0;-30.830057598186432;1
17;560000;26.0;-30.74278099383298;1
17;570000;26.0;-30.652430136999016;1
17;580000;26.0;-30.559014062694988;1
17;590000;26.0;-30.462542112450418;1
17;600000;26.0;-30.363023933379967;1
17;610000;26.0;-30.260469477218653;1
17;620000;26.0;-30.154888999326552;1
17;630000;26.0;-30.046293057663547;1
17;640000;26.0;-29.934692511733232;1
17;650000;26.0;-29.82009852149728;1
17;660000;26.0;-29.702522546259132;1
17;670000;26.0;-29.581976343518377;1
17;680000;26.0;-29.458471967794882;1
17;690000;26.0;-29.332021769423207;1
17;700000;26.0;-29.202638393317905;1
17;710000;26.0;-29.070334777708673;1
17;720000;26.0;-28.935124152846917;1
17;730000;26.0;-28.797020039682355;1
17;740000;26.0;-28.656036248511306;1
17;750000;26.0;-28.51218687759531;1
17;760000;26.0;-28.365486311751628;1
17;770000;26.0;-28.21594922091465;1
17;780000;26.0;-28.06359055866874;1
17;790000;26.0;-27.908425560753265;1
17;800000;26.0;-27.750469743538602;1
17;810000;26.0;-27.58973890247496;1
17;820000;26.0;-27.426249110512384;1
17;830000;26.0;-27.260016716493944;1
17;840000;26.0;-27.0910583435204;1
17;850000;26.0;-26.919390887288316;1
17;860000;26.0;-26.74503151440031;1
17;870000;26.0;-26.567997660648256;1
17;880000;26.0;-26.388307029270123;1
17;890000;26.0;-26.205977589179184;1
17;900000;26.0;-26.021027573167633;1
17;910000;26.0;-25.833475476082814;1
17;920000;26.0;-25.643340052978214;1
17;930000;26.0;-25.450640317237763;1
17;940000;26.0;-25.255395538674314;1
17;950000;26.0;-25.05762524160316;1
17;960000;26.0;-24.857349202889058;1
17;970000;26.0;-24.65458744996913;1
17;980000;26.0;-24.449360258849556;1
17;990000;26.0;-24.241688152078567;1
18;0;26.0;-24.031591896693637;1
18;10000;26.0;-23.819092502145295;1
18;20000;26.0;-23.604211218195992;1
18;30000;26.0;-23.386969532794904;1
18;40000;26.0;-23.167389169929688;1
18;50000;26.0;-22.9454920874535;1
18;60000;26.0;-22.72130047488982;1
18;70000;26.0;-22.494836751212926;1
18;80000;26.0;-22.266123562606627;1
18;90000;26.0;-22.035183780199027;1
18;100000;26.0;-21.802040497775998;1
18;110000;26.0;-21.566717029471583;1
18;120000;26.0;-21.32923690743634;1
18;130000;26.0;-21.089623879484744;1
18;140000;26.0;-20.84790190671974;1
18;150000;26.0;-20.604095161137344;1
18;160000;26.0;-20.35822802320877;1
18;170000;26.0;-20.11032507944301;1
18;180000;26.0;-19.860411119927942;1
18;190000;26.0;-19.608511135851078;1
18;200000;26.0;-19.35465031700109;1
18;210000;26.0;-19.098854049248136;1
18;220000;26.0;-18.841147912006004;1
18;230000;26.0;-18.581557675673487;1
18;240000;26.0;-18.32010929905807;1
18;250000;26.0;-18.056828926779367;1
18;260000;26.0;-17.79174288665529;1
18;270000;26.0;-17.524877687069043;1
18;280000;26.0;-17.256260014318013;1
18;290000;26.0;-16.985916729945814;1
18;300000;26.0;-16.71387486805541;1
18;310000;26.0;-16.440161632606475;1
18;320000;26.0;-16.164804394694276;1
18;330000;26.0;-15.88783068981333;1
18;340000;26.0;-15.609268215103118;1
18;350000;26.0;-15.329144826579075;1
18;360000;26.0;-15.04748853634672;1
18;370000;26.0;-14.764327509800161;1
18;380000;26.0;-14.479690062806288;1
18;390000;26.0;-14.193604658872403;1
18;400000;26.0;-13.906099906300696;1
18;410000;26.0;-13.617204555326634;1
18;420000;26.0;-13.326947495244672;1
18;430000;26.0;-13.035357751519042;1
18;440000;26.0;-12.742464482880917;1
18;450000;26.0;-12.448296978413294;1
18;460000;26.0;-12.152884654621271;1
18;470000;26.0;-11.856257052491262;1
18;480000;26.0;-11.558443834536078;1
18;490000;26.0;-11.259474781829553;1
18;500000;26.0;-10.959379791027601;1
18;510000;26.0;-10.658188871379334;1
18;520000;26.0;-10.35593214172583;1
18;530000;26.0;-10.05263982748796;1
18;540000;26.0;-9.748342257644621;1
18;550000;26.0;-9.443069861699001;1
18;560000;26.0;-9.136853166636518;1
18;570000;26.0;-8.829722793871284;1
18;580000;26.0;-8.521709456184848;1
18;590000;26.0;-8.212843954654083;1
18;600000;26.0;-7.903157175571868;1
18;610000;26.0;-7.592680087358149;1
18;620000;26.0;-7.281443737462795;1
18;630000;26.0;-6.9694792492616555;1
18;640000;26.0;-6.656817818943359;1
18;650000;26.0;-6.343490712390609;1
18;660000;26.0;-6.0295292620527325;1
18;670000;26.0;-5.714964863813242;1
18;680000;26.0;-5.399828973849938;1
18;690000;26.0;-5.084153105488978;1
18;700000;26.0;-4.767968826054362;1
18;710000;26.0;-4.4513077537103225;1
18;720000;26.0;-4.134201554300435;1
18;730000;26.0;-3.8166819381801607;1
18;740000;26.0;-3.4987806570467397;1
18;750000;26.0;-3.1805295007631416;1
18;760000;26.0;-2.8619602941799;1
18;770000;26.0;-2.5431048939523118;1
18;780000;26.0;-2.2239951853544624;1
18;790000;26.0;-1.9046630790915142;1
18;800000;26.0;-1.5851405081077574;1
18;810000;26.0;-1.2654594243942494;1
18;820000;26.0;-0.9456517957927342;1
18;830000;26.0;-0.625749602799794;1
18;840000;26.0;-0.3057848353679164;1
18;850000;26.0;0.014210510292678122;1
18;860000;26.0;0.3342044349139718;1
18;870000;26.0;0.6541649393703904;1
18;880000;26.0;0.974060027877894;1
18;890000;26.0;1.2938577111944376;1
18;900000;26.0;1.6135260098179591;1
18;910000;26.0;1.933032957185213;1
18;920000;26.0;2.2523466028676036;1
18;930000;26.0;2.5714350157665433;1
18;940000;26.0;2.890266287306875;1
18;950000;26.0;3.2088085346269106;1
18;960000;26.0;3.5270299037675943;1
18;970000;26.0;3.84489857285697;1
18;980000;26.0;4.162382755293245;1
18;990000;26.0;4.4794507029225175;1
19;0;26.0;4.796070709214475;1
19;10000;26.0;5.112211112432222;1
19;20000;26.0;5.427840298798776;1
19;30000;26.0;5.742926705658746;1
19;40000;26.0;6.057438824633796;1
19;50000;26.0;6.371345204774343;1
19;60000;26.0;6.684614455703738;1
19;70000;26.0;6.997215250758166;1
19;80000;26.0;7.3091163301184015;1
19;90000;26.0;7.620286503936646;1
19;100000;26.0;7.930694655454714;1
19;110000;26.0;8.240309744116017;1
19;120000;26.0;8.54910080866992;1
19;130000;26.0;8.857036970267073;1
19;140000;26.0;9.164087435548147;1
19;150000;26.0;9.470221499722273;1
19;160000;26.0;9.77540854963836;1
19;170000;26.0;10.07961806684563;1
19;180000;26.0;10.382819630645761;1
19;190000;26.0;10.684982921135255;1
19;200000;26.0;10.986077722236653;1
19;210000;26.0;11.286073924720966;1
19;220000;26.0;11.584941529217733;1
19;230000;26.0;11.882650649215769;1
19;240000;26.0;12.179171514050953;1
19;250000;26.0;12.474474471884115;1
19;260000;26.0;12.768529992665446;1
19;270000;26.0;13.061308671087815;1
19;280000;26.0;13.352781229527565;1
19;290000;26.0;13.642918520971541;1
19;300000;26.0;13.931691531932582;1
19;310000;26.0;14.219071385350034;1
19;320000;26.0;14.505029343478238;1
19;330000;26.0;14.789536810759477;1
19;340000;26.0;15.072565336684313;1
19;350000;26.0;15.354086618635911;1
19;360000;26.0;15.634072504720574;1
19;370000;26.0;15.912494996583217;1
19;380000;26.0;16.18932625220647;1
19;390000;26.0;16.46453858869566;1
19;400000;26.0;16.738104485046286;1
19;410000;26.0;17.00999658489688;1
19;420000;26.0;17.28018769926393;1
19;430000;26.0;17.54865080926107;1
19;440000;26.0;17.815359068801204;1
19;450000;26.0;18.080285807280447;1
19;460000;26.0;18.343404532245913;1
19;470000;26.0;18.604688932044176;1
19;480000;26.0;18.864112878453188;1
19;490000;26.0;19.121650429294302;1
19;500000;26.0;19.377275831027234;1
19;510000;26.0;19.630963521324738;1
19;520000;26.0;19.882688131629102;1
19;530000;26.0;20.132424489689242;1
19;540000;26.0;20.380147622077292;1
19;550000;26.0;20.62583275668662;1
19;560000;26.0;20.869455325208328;1
19;570000;26.0;21.11099096558876;1
19;580000;26.0;21.350415524464978;1
19;590000;26.0;21.58770505958079;1
19;600000;26.0;21.82283584218034;1
19;610000;26.0;22.05578435938122;1
19;620000;26.0;22.286527316526005;1
19;630000;26.0;22.5150416395111;1
19;640000;26.0;22.7413044770948;1
19;650000;26.0;22.96529320318173;1
19;660000;26.0;23.186985419086103;1
19;670000;26.0;23.40635895577099;1
19;680000;26.0;23.623391876065458;1
19;690000;26.0;23.83806247685849;1
19;700000;26.0;24.050349291268745;1
19;710000;26.0;24.26023109079184;1
19;720000;26.0;24.467686887422573;1
19;730000;26.0;24.67269593575431;1
19;740000;26.0;24.87523773505291;1
19;750000;26.0;25.075292031307374;1
19;760000;26.0;25.27283881925471;1
19;770000;26.0;25.46785834438068;1
19;780000;26.0;25.660331104895427;1
19;790000;26.0;25.850237853683154;1
19;800000;26.0;26.03755960022737;1
19;810000;26.0;26.222277612509398;1
19;820000;26.0;26.40437341888206;1
19;830000;26.0;26.58382880991634;1
19;840000;26.0;26.76062584022281;1
19;850000;26.0;26.934746830245707;1
19;860000;26.0;27.106174368031066;1
19;870000;26.0;27.274891310968084;1
19;880000;26.0;27.440880787502945;1
19;890000;26.0;27.60412619882644;1
19;900000;26.0;27.764611220533354;1
19;910000;26.0;27.922319804255373;1
19;920000;26.0;28.077236179265487;1
19;930000;26.0;28.229344854055242;1
19;940000;26.0;28.378630617884017;1
19;950000;26.0;28.52507854229973;1
19;960000;26.0;28.668673982632086;1
19;970000;26.0;28.809402579456613;1
19;980000;26.0;28.947250260030998;1
19;990000;26.0;29.082203239701958;1
20;0;26.0;29.214248023284085;1
20;10000;26.0;29.34337140640901;1
20;20000;26.0;29.469560476845974;1
20;30000;26.0;29.592802615793182;1
20;40000;26.0;29.713085499139357;1
20;50000;26.0;29.83039709869648;1
20;60000;26.0;29.94472568340228;1
20;70000;26.0;30.056059820493626;1
20;80000;26.0;30.164388376649523;1
20;90000;26.0;30.269700519104696;1
20;100000;26.0;30.371985716732627;1
20;110000;26.0;30.47123374109875;1
20;120000;26.0;30.56743466748341;1
20;130000;26.0;30.660578875874066;1
20;140000;26.0;30.750657051927565;1
20;150000;26.0;30.8376601879013;1
20;160000;26.0;30.92157958355424;1
20;170000;26.0;31.00240684701672;1
20;180000;26.0;31.080133895629725;1
20;190000;26.0;31.154752956753217;1
20;200000;26.0;31.226256568543217;1
20;210000;26.0;31.294637580698183;1
20;220000;26.0;31.359889155173832;1
20;230000;26.0;31.42200476686714;1
20;240000;26.0;31.480978204268656;1
20;250000;26.0;31.53680357008383;1
20;260000;26.0;31.589475281822573;1
20;270000;26.0;31.63898807235759;1
20;280000;26.0;31.685336990451127;1
20;290000;26.0;31.728517401249963;1
20;300000;26.0;31.76852498674903;1
20;310000;26.0;31.80535574622309;1
20;320000;26.0;31.839005996626916;1
20;330000;26.0;31.869472372963486;1
20;340000;26.0;31.896751828620573;1
20;350000;26.0;31.920841635675337;1
20;360000;26.0;31.94173938516714;1
20;370000;26.0;31.959442987338456;1
20;380000;26.0;31.973950671843816;1
20;390000;26.0;31.985260987926864;1
20;400000;26.0;31.993372804565414;1
20;410000;26.0;31.998285310584563;1
20;420000;26.0;31.999998014737802;1
20;430000;26.0;31.998510745756146;1
20;440000;26.0;31.993823652365247;1
20;450000;26.0;31.985937203270545;1
20;460000;26.0;31.974852187110372;1
20;470000;26.0;31.960569712377115;1
20;480000;26.0;31.943091207306335;1
20;490000;26.0;31.922418419733983;1
20;500000;26.0;31.898553416921576;1
20;510000;26.0;31.871498585349517;1
20;520000;26.0;31.841256630478426;1
20;530000;26.0;31.807830576478565;1
20;540000;26.0;31.771223765927513;1
20;550000;26.0;31.73143985947578;1
20;560000;26.0;31.688482835480894;1
20;570000;26.0;31.64235698960943;1
20;580000;26.0;31.59306693440756;1
20;590000;26.0;31.5406175988397;1
20;600000;26.0;31.485014227795716;1
20;610000;26.0;31.426262381566396;1
20;620000;26.0;31.364367935287365;1
20;630000;26.0;31.299337078351712;1
20;640000;26.0;31.231176313790897;1
20;650000;26.0;31.15989245762462;1
20;660000;26.0;31.085492638179044;1
20;670000;26.0;31.00798429537414;1
20;680000;26.0;30.92737517997963;1
20;690000;26.0;30.84367335283982;1
20;700000;26.0;30.75688718406773;1
20;710000;26.0;30.667025352207855;1
20;720000;26.0;30.57409684336856;1
20;730000;26.0;30.478110950323227;1
20;740000;26.0;30.379077271581238;1
20;750000;26.0;30.277005710427865;1
20;760000;26.0;30.171906473934204;1
20;770000;26.0;30.06379007193636;1
20;780000;26.0;29.95266731598436;1
20;790000;26.0;29.838549318261272;1
20;800000;26.0;29.721447490471693;1
20;810000;26.0;29.601373542700898;1
20;820000;26.0;29.47833948224352;1
20;830000;26.0;29.35235761240316;1
20;840000;26.0;29.223440531261737;1
20;850000;26.0;29.091601130419967;1
20;860000;26.0;28.956852593708128;1
20;870000;26.0;28.819208395867495;1
20;880000;26.0;28.678682301203256;1
20;890000;26.0;28.535288362207666;1
20;900000;26.0;28.389040918155235;1
20;910000;26.0;28.23995459366839;1
20;920000;26.0;28.088044297255397;1
20;930000;26.0;27.93332521981936;1
20;940000;26.0;27.775812833138975;1
20;950000;26.0;27.615522888321767;1
20;960000;26.0;27.45247141422853;1
20;970000;26.0;27.28667471587091;1
20;980000;26.0;27.118149372780465;1
20;990000;26.0;26.946912237351185;1
21;0;26.0;26.77298043315379;1
21;10000;26.0;26.59637135322383;1
21;20000;26.0;26.41710265832217;1
21;30000;26.0;26.2351922751688;1
21;40000;26.0;26.050658394650565;1
21;50000;26.0;25.863519470001606;1
21;60000;26.0;25.673794214958576;1
21;70000;26.0;25.481501601888738;1
21;80000;26.0;25.286660859893296;1
21;90000;26.0;25.089291472883943;1
21;100000;26.0;24.88941317763497;1
21;110000;26.0;24.687045961809417;1
21;120000;26.0;24.482210061960078;1
21;130000;26.0;24.274925961506394;1
21;140000;26.0;24.06521438868552;1
21;150000;26.0;23.853096314480133;1
21;160000;26.0;23.63859295052073;1
21;170000;26.0;23.421725746965045;1
21;180000;26.0;23.202516390352777;1
21;190000;26.0;22.98098680143676;1
21;200000;26.0;22.75715913299144;1
21;210000;26.0;22.531055767596975;1
21;220000;26.0;22.302699315401647;1
21;230000;26.0;22.07211261186022;1
21;240000;26.0;21.839318715451054;1
21;250000;26.0;21.604340905369632;1
21;260000;26.0;21.36720267920123;1
21;270000;26.0;21.127927750570937;1
21;280000;26.0;20.886540046772048;1
21;290000;26.0;20.643063706373958;1
21;300000;26.0;20.397523076807644;1
21;310000;26.0;20.14994271193161;1
21;320000;26.0;19.900347369575865;1
21;330000;26.0;19.648762009066814;1
21;340000;26.0;19.395211788730684;1
21;350000;26.0;19.1397220633783;1
21;360000;26.0;18.882318381769387;1
21;370000;26.0;18.623026484057416;1
21;380000;26.0;18.36187229921627;1
21;390000;26.0;18.098881942446617;1
21;400000;26.0;17.834081712565165;1
21;410000;26.0;17.567498089374048;1
21;420000;26.0;17.299157731013526;1
21;430000;26.0;17.029087471295917;1
21;440000;26.0;16.757314317021937;1
21;450000;26.0;16.483865445280735;1
21;460000;26.0;16.20876820073142;1
21;470000;26.0;15.932050092869387;1
21;480000;26.0;15.653738793274636;1
21;490000;26.0;15.373862132845394;1
21;500000;26.0;15.092448099014277;1
21;510000;26.0;14.809524832950256;1
21;520000;26.0;14.525120626744272;1
21;530000;26.0;14.239263920579738;1
21;540000;26.0;13.95198329988926;1
21;550000;26.0;13.663307492495306;1
21;560000;26.0;13.37326536573826;1
21;570000;26.0;13.081885923588883;1
21;580000;26.0;12.789198303748789;1
21;590000;26.0;12.495231774735844;1
21;600000;26.0;12.200015732958084;1
21;610000;26.0;11.90357969977378;1
21;620000;26.0;11.60595331853901;1
21;630000;26.0;11.307166351644087;1
21;640000;26.0;11.0072486775365;1
21;650000;26.0;10.706230287733943;1
21;660000;26.0;10.404141283824336;1
21;670000;26.0;10.101011874456432;1
21;680000;26.0;9.796872372318674;1
21;690000;26.0;9.491753191107609;1
21;700000;26.0;9.18568484248731;1
21;710000;26.0;8.878697933037365;1
21;720000;26.0;8.570823161193116;1
21;730000;26.0;8.262091314174967;1
21;740000;26.0;7.952533264910564;1
21;750000;26.0;7.642179968946648;1
21;760000;26.0;7.331062461354299;1
21;770000;26.0;7.019211853625124;1
21;780000;26.0;6.706659330559799;1
21;790000;26.0;6.3934361471503935;1
21;800000;26.0;6.079573625454008;1
21;810000;26.0;5.765103151461482;1
21;820000;26.0;5.450056171957935;1
21;830000;26.0;5.134464191379003;1
21;840000;26.0;4.818358768659527;1
21;850000;26.0;4.50177151407847;1
21;860000;26.0;4.184734086097581;1
21;870000;26.0;3.8672781881952374;1
21;880000;26.0;3.549435565696908;1
21;890000;26.0;3.2312380025997487;1
21;900000;26.0;2.912717318395132;1
21;910000;26.0;2.593905364885819;1
21;920000;26.0;2.2748340230015978;1
21;930000;26.0;1.9555351996108787;1
21;940000;26.0;1.6360408243296922;1
21;950000;26.0;1.316382846329549;1
21;960000;26.0;0.9965932311416416;1
21;970000;26.0;0.676703957461225;1
21;980000;26.0;0.3567470139488668;1
21;990000;26.0;0.036754396032515575;1
22;0;26.0;-0.0;1
22;10000;26.0;-0.0;1
22;20000;26.0;-0.0;1
22;30000;26.0;-0.0;1
22;40000;26.0;-0.0;1
22;50000;26.0;-0.0;1
22;60000;26.0;-0.0;1
22;70000;26.0;-0.0;1
22;80000;26.0;-0.0;1
22;90000;26.0;-0.0;1
22;100000;26.0;-0.0;1
22;110000;26.0;-0.0;1
22;120000;26.0;-0.0;1
22;130000;26.0;-0.0;1
22;140000;26.0;-0.0;1
22;150000;26.0;-0.0;1
22;160000;26.0;-0.0;1
22;170000;26.0;-0.0;1
22;180000;26.0;-0.0;1
22;190000;26.0;-0.0;1
22;200000;26.0;-0.0;1
22;210000;26.0;-0.0;1
22;220000;26.0;-0.0;1
22;230000;26.0;-0.0;1
22;240000;26.0;-0.0;1
22;250000;26.0;-0.0;1
22;260000;26.0;-0.0;1
22;270000;26.0;-0.0;1
22;280000;26.0;-0.0;1
22;290000;26.0;-0.0;1
22;300000;26.0;-0.0;1
22;310000;26.0;-0.0;1
22;320000;26.0;-0.0;1
22;330000;26.0;-0.0;1
22;340000;26.0;-0.0;1
22;350000;26.0;-0.0;1
22;360000;26.0;-0.0;1
22;370000;26.0;-0.0;1
22;380000;26.0;-0.0;1
22;390000;26.0;-0.0;1
22;400000;26.0;-0.0;0
22;410000;26.0;-0.0;0
22;420000;26.0;-0.0;0
22;430000;26.0;-0.0;0
22;440000;26.0;-0.0;0
22;450000;26.0;-0.0;0
22;460000;26.0;-0.0;0
22;470000;26.0;-0.0;0
22;480000;26.0;-0.0;0
22;490000;26.0;-0.0;0
22;500000;26.0;-0.0;0
22;510000;26.0;-0.0;0
22;520000;26.0;-0.0;0
22;530000;26.0;-0.0;0
22;540000;26.0;-0.0;0
22;550000;26.0;-0.0;0
22;560000;26.0;-0.0;0
22;570000;26.0;-0.0;0
22;580000;26.0;-0.0;0
22;590000;26.0;-0.0;0
22;600000;26.0;-0.0;0
22;610000;26.0;-0.0;0
22;620000;26.0;-0.0;0
22;630000;26.0;-0.0;0
22;640000;26.0;-0.0;0
22;650000;26.0;-0.0;0
22;660000;26.0;-0.0;0
22;670000;26.0;-0.0;0
22;680000;26.0;-0.0;0
22;690000;26.0;-0.0;0
22;700000;26.0;-0.0;0
22;710000;26.0;-0.0;0
22;720000;26.0;-0.0;0
22;730000;26.0;-0.0;0
22;740000;26.0;-0.0;0
22;750000;26.0;-0.0;0
22;760000;26.0;-0.0;0
22;770000;26.0;-0.0;0
22;780000;26.0;-0.0;0
22;790000;26.0;-0.0;0
22;800000;26.0;-0.0;0
22;810000;26.0;-0.0;0
22;820000;26.0;-0.0;0
22;830000;26.0;-0.0;0
22;840000;26.0;-0.0;0
22;850000;26.0;-0.0;0
22;860000;26.0;-0.0;0
22;870000;26.0;-0.0;0
22;880000;26.0;-0.0;0
22;890000;26.0;-0.0;0
22;900000;26.0;-0.0;0
22;910000;26.0;-0.0;0
22;920000;26.0;-0.0;0
22;930000;26.0;-0.0;0
22;940000;26.0;-0.0;0
22;950000;26.0;-0.0;0
22;960000;26.0;-0.0;0
22;970000;26.0;-0.0;0
22;980000;26.0;-0.0;0
22;990000;26.0;-0.0;0
23;0;26.0;-0.0;0
23;10000;26.0;-0.0;0
23;20000;26.0;-0.0;0
23;30000;26.0;-0.0;0
23;40000;26.0;-0.0;0
23;50000;26.0;-0.0;0
23;60000;26.0;-0.0;0
23;70000;26.0;-0.0;0
23;80000;26.0;-0.0;0
23;90000;26.0;-0.0;0
23;100000;26.0;-0.0;0
23;110000;26.0;-0.0;0
23;120000;26.0;-0.0;0
23;130000;26.0;-0.0;0
23;140000;26.0;-0.0;0
23;150000;26.0;-0.0;0
23;160000;26.0;-0.0;0
23;170000;26.0;-0.0;0
23;180000;26.0;-0.0;0
23;190000;26.0;-0.0;0
23;200000;26.0;-0.0;0
23;210000;26.0;-0.0;0
23;220000;26.0;-0.0;0
23;230000;26.0;-0.0;0
23;240000;26.0;-0.0;0
23;250000;26.0;-0.0;0
23;260000;26.0;-0.0;0
23;270000;26.0;-0.0;0
23;280000;26.0;-0.0;0
23;290000;26.0;-0.0;0
23;300000;26.0;-0.0;0
23;310000;26.0;-0.0;0
23;320000;26.0;-0.0;0
23;330000;26.0;-0.0;0
23;340000;26.0;-0.0;0
23;350000;26.0;-0.0;0
23;360000;26.0;-0.0;0
23;370000;26.0;-0.0;0
23;380000;26.0;-0.0;0
23;390000;26.0;-0.0;0
23;400000;26.0;-0.0;0
23;410000;26.0;-0.0;0
23;420000;26.0;-0.0;0
23;430000;26.0;-0.0;0
23;440000;26.0;-0.0;0
23;450000;26.0;-0.0;0
23;460000;26.0;-0.0;0
23;470000;26.0;-0.0;0
23;480000;26.0;-0.0;0
23;490000;26.0;-0.0;0
23;500000;26.0;-0.0;0
23;510000;26.0;-0.0;0
23;520000;26.0;-0.0;0
23;530000;26.0;-0.0;0
23;540000;26.0;-0.0;0
23;550000;26.0;-0.0;0
23;560000;26.0;-0.0;0
23;570000;26.0;-0.0;0
23;580000;26.0;-0.0;0
23;590000;26.0;-0.0;0
23;600000;26.0;-0.0;0
23;610000;26.0;-0.0;0
23;620000;26.0;-0.0;0
23;630000;26.0;-0.0;0
23;640000;26.0;-0.0;0
23;650000;26.0;-0.0;0
23;660000;26.0;-0.0;0
23;670000;26.0;-0.0;0
23;680000;26.0;-0.0;0
23;690000;26.0;-0.0;0
23;700000;26.0;-0.0;0
23;710000;26.0;-0.0;0
23;720000;26.0;-0.0;0
23;730000;26.0;-0.0;0
23;740000;26.0;-0.0;0
23;750000;26.0;-0.0;0
23;760000;26.0;-0.0;0
23;770000;26.0;-0.0;0
23;780000;26.0;-0.0;0
23;790000;26.0;-0.0;0
23;800000;26.0;-0.0;0
23;810000;26.0;-0.0;0
23;820000;26.0;-0.0;0
23;830000;26.0;-0.0;0
23;840000;26.0;-0.0;0
23;850000;26.0;-0.0;0
23;860000;26.0;-0.0;0
23;870000;26.0;-0.0;0
23;880000;26.0;-0.0;0
23;890000;26.0;-0.0;0
23;900000;26.0;-0.0;0
23;910000;26.0;-0.0;0
23;920000;26.0;-0.0;0
23;930000;26.0;-0.0;0
23;940000;26.0;-0.0;0
23;950000;26.0;-0.0;0
23;960000;26.0;-0.0;0
23;970000;26.0;-0.0;0
23;980000;26.0;-0.0;0
23;990000;26.0;-0.0;0
24;0;26.0;-0.0;0
24;10000;26.0;-0.0;0
24;20000;26.0;-0.0;0
24;30000;26.0;-0.0;0
24;40000;26.0;-0.0;0
24;50000;26.0;-0.0;0
24;60000;26.0;-0.0;0
24;70000;26.0;-0.0;0
24;80000;26.0;-0.0;0
24;90000;26.0;-0.0;0
24;100000;26.0;-0.0;0
24;110000;26.0;-0.0;0
24;120000;26.0;-0.0;0
24;130000;26.0;-0.0;0
24;140000;26.0;-0.0;0
24;150000;26.0;-0.0;0
24;160000;26.0;-0.0;0
24;170000;26.0;-0.0;0
24;180000;26.0;-0.0;0
24;190000;26.0;-0.0;0
24;200000;26.0;-0.0;0
24;210000;26.0;-0.0;0
24;220000;26.0;-0.0;0
24;230000;26.0;-0.0;0
24;240000;26.0;-0.0;0
24;250000;26.0;-0.0;0
24;260000;26.0;-0.0;0
24;270000;26.0;-0.0;0
24;280000;26.0;-0.0;0
24;290000;26.0;-0.0;0
24;300000;26.0;-0.0;0
24;310000;26.0;-0.0;0
24;320000;26.0;-0.0;0
24;330000;26.0;-0.0;0
24;340000;26.0;-0.0;0
24;350000;26.0;-0.0;0
24;360000;26.0;-0.0;0
24;370000;26.0;-0.0;0
24;380000;26.0;-0.0;0
24;390000;26.0;-0.0;0
24;400000;26.0;-0.0;0
24;410000;26.0;-0.0;0
24;420000;26.0;-0.0;0
24;430000;26.0;-0.0;0
24;440000;26.0;-0.0;0
24;450000;26.0;-0.0;0
24;460000;26.0;-0.0;0
24;470000;26.0;-0.0;0
24;480000;26.0;-0.0;0
24;490000;26.0;-0.0;0
24;500000;26.0;-0.0;0
24;510000;26.0;-0.0;0
24;520000;26.0;-0.0;0
24;530000;26.0;-0.0;0
24;540000;26.0;-0.0;0
24;550000;26.0;-0.0;0
24;560000;26.0;-0.0;0
24;570000;26.0;-0.0;0
24;580000;26.0;-0.0;0
24;590000;26.0;-0.0;0
24;600000;26.0;-0.0;0
24;610000;26.0;-0.0;0
24;620000;26.0;-0.0;0
24;630000;26.0;-0.0;0
24;640000;26.0;-0.0;0
24;650000;26.0;-0.0;0
24;660000;26.0;-0.0;0
24;670000;26.0;-0.0;0
24;680000;26.0;-0.0;0
24;690000;26.0;-0.0;0
24;700000;26.0;-0.0;0
24;710000;26.0;-0.0;0
24;720000;26.0;-0.0;0
24;730000;26.0;-0.0;0
24;740000;26.0;-0.0;0
24;750000;26.0;-0.0;0
24;760000;26.0;-0.0;0
24;770000;26.0;-0.0;0
24;780000;26.0;-0.0;0
24;790000;26.0;-0.0;0
24;800000;26.0;-0.0;0
24;810000;26.0;-0.0;0
24;820000;26.0;-0.0;0
24;830000;26.0;-0.0;0
24;840000;26.0;-0.0;0
24;850000;26.0;-0.0;0
24;860000;26.0;-0.0;0
24;870000;26.0;-0.0;0
24;880000;26.0;-0.0;0
24;890000;26.0;-0.0;0
24;900000;26.0;-0.0;0
24;910000;26.0;-0.0;0
24;920000;26.0;-0.0;0
24;930000;26.0;-0.0;0
24;940000;26.0;-0.0;0
24;950000;26.0;-0.0;0
24;960000;26.0;-0.0;0
24;970000;26.0;-0.0;0
24;980000;26.0;-0.0;0
24;990000;26.0;-0.0;0
