sampleTimeStamp.seconds;sampleTimeStamp.microseconds;y;x;alt;vel_north;vel_east;vel_down;roll;pitch;heading;speed;arate_lon;arate_trans;arate_down;accel_x;accel_y;accel_down
1584853143;505912;57.709771205;11.919144166;44.918499569;-0.06494306;-8.329477;-0.1059297;1.8737105167;-3.1276507449;88.179341657;8.329731;-1.02849;-0.613668;4.066492;-0.7096767;-0.6499324;-0.1376275
1584853143;555924;57.70977122;11.91913719;44.922956693;-0.02494382;-8.295928;-0.1019637;1.8319863316;-3.1614807326;88.384409413;8.295965;0.01937291;-0.4169636;4.285098;-0.7340522;-0.6035494;-0.05627807
1584853143;605926;57.709771249;11.919130241;44.927306709;0.001417721;-8.262085;-0.09687956;1.8040927966;-3.1958869307;88.591088258;8.262085;-0.3849163;-0.3631529;4.187834;-0.700034;-0.495052;0.08749749
1584853143;655987;57.709771292;11.919123322;44.931453225;0.03363929;-8.227141;-0.09457637;1.7905617844;-3.224961962;88.802362657;8.22721;0.1972151;-0.2253005;4.176421;-0.6548572;-0.3558609;-0.1058148
1584853143;705919;57.709771347;11.919116432;44.93570587;0.0564795;-8.191315;-0.1004221;1.7581360362;-3.2477120679;89.010537528;8.191509;-0.4449425;-0.2112417;4.097801;-0.9158633;-0.7483013;-0.1893637
1584853143;755925;57.709771416;11.919109573;44.940203888;0.09004706;-8.154883;-0.111892;1.7091606189;-3.2578511133;89.226607754;8.15538;-0.5335351;-0.1728218;4.088131;-0.7900506;-0.7922615;-0.3428389
1584853143;805932;57.7097715;11.919102746;44.945136566;0.1279015;-8.115324;-0.1166503;1.6625019404;-3.2596698879;89.444594629;8.116332;-0.6625786;0.1746152;4.171703;-0.9826262;-0.8235825;-0.2717371
1584853143;855909;57.709771602;11.919095949;44.950301405;0.1666689;-8.080369;-0.1127897;1.6427038365;-3.2566695441;89.666442634;8.082088;-0.3359748;0.4057555;4.517378;-0.6658679;-0.4978284;0.3333263
1584853143;905935;57.70977172;11.919089184;44.955262728;0.2053154;-8.043507;-0.1163276;1.6214602484;-3.2440258129;89.897573599;8.046126;-0.5703737;0.1103395;4.762947;-0.7676393;-0.624237;-0.05189355
1584853143;955932;57.709771856;11.91908245;44.960222432;0.2429653;-8.004803;-0.1160929;1.6241908349;-3.233904248;90.137445138;8.008489;0.01055316;0.2376388;5.057399;-0.7026568;-0.3939949;0.1593517
1584853144;6128;57.709772005;11.919075748;44.965250769;0.280704;-7.966865;-0.1113604;1.6148807309;-3.2313140794;90.392620511;7.971808;0.1129013;0.4045255;5.341584;-0.8806024;-0.8632624;-0.1162661
1584853144;55965;57.70977215;11.919069079;44.970089415;0.3170984;-7.928808;-0.1169648;1.5971498092;-3.2323954929;90.663848914;7.935147;0.03432575;0.1102554;5.484318;-0.6898638;-0.7701566;-0.02824484
1584853144;105939;57.709772313;11.919062442;44.974767989;0.3637261;-7.891378;-0.1073146;1.6012423631;-3.2269317128;90.949868666;7.899756;0.7286882;0.3282304;5.795477;-0.7954798;-0.8113439;0.1154291
1584853144;155985;57.709772497;11.919055837;44.979047299;0.4044656;-7.854376;-0.1008523;1.6130340035;-3.2140474588;91.246620162;7.864783;0.4516756;0.402784;5.902321;-0.6904594;-0.8893996;0.2233294
1584853144;205947;57.709772702;11.919049264;44.982997213;0.4586749;-7.814661;-0.09662381;1.6341909191;-3.1967408125;91.555335063;7.82811;1.096512;0.354852;6.275014;-0.9490654;-1.017216;0.1680674
1584853144;255927;57.709772927;11.919042722;44.986993517;0.4935466;-7.779179;-0.1032997;1.6565939489;-3.1915360622;91.868121703;7.79482;0.3077952;-0.02637893;6.158864;-0.6033651;-0.8303524;-0.09336782
1584853144;306039;57.709773172;11.919036212;44.991545794;0.543914;-7.743958;-0.1164138;1.6823269298;-3.207269898;92.194957232;7.763035;0.9209384;-0.4683774;6.52836;-0.5891433;-0.8577203;-0.07291425
1584853144;355939;57.709773438;11.919029729;44.996427045;0.5935757;-7.710883;-0.1171912;1.715268926;-3.2280128003;92.530762236;7.733696;1.062988;-0.2014365;7.003543;-0.4670277;-0.8287027;0.1493999
1584853144;405974;57.709773726;11.91902327;45.001224907;0.6421018;-7.683746;-0.1100741;1.7506340218;-3.2460498129;92.883559728;7.710528;0.7190126;-0.2200556;7.178338;-0.6684946;-0.8823794;0.1728954
1584853144;456030;57.709774038;11.919016836;45.005502733;0.6941597;-7.65442;-0.0979993;1.7757295325;-3.2606749485;93.252726223;7.685831;0.6672442;-0.00656054;7.516012;-0.2958404;-0.9157659;0.3560997
1584853144;505990;57.709774374;11.919010429;45.009134429;0.7553209;-7.618655;-0.08747705;1.8059732958;-3.2582324495;93.633101467;7.656005;1.500025;0.3464949;7.717358;-0.8264809;-1.237996;-0.1126055
1584853144;555938;57.709774734;11.919004051;45.012262405;0.802416;-7.585368;-0.07303537;1.8288335027;-3.2387204381;94.01652626;7.627691;0.5357912;0.9140983;7.793009;-0.4434377;-0.9695961;0.2364345
1584853144;605990;57.709775117;11.918997702;45.01471333;0.8566037;-7.547149;-0.06925813;1.7950041594;-3.1841222051;94.41740895;7.595605;-0.5655291;1.366305;8.022168;-0.6980078;-1.257235;-0.3068635
1584853144;656030;57.709775526;11.918991384;45.017641556;0.9188914;-7.513022;-0.08011024;1.7374033871;-3.135478857;94.824982479;7.569006;0.01910332;1.378344;8.111115;-0.5700153;-1.212378;-0.1937543
1584853144;705903;57.709775965;11.918985097;45.02129527;0.9766116;-7.479167;-0.1073263;1.7250777362;-3.0848303745;95.244820531;7.542659;-0.2836785;0.4892666;8.31354;-0.4270579;-1.004513;-0.1248889
1584853144;755979;57.709776427;11.918978835;45.02561442;1.033791;-7.446097;-0.1001984;1.7159801192;-3.0645135892;95.669257206;7.517519;0.6790945;0.705864;8.675968;-0.4434636;-1.023033;0.3035287
1584853144;806070;57.709776914;11.918972602;45.029974627;1.084267;-7.411649;-0.1062468;1.7035686699;-3.067012963;96.103837968;7.490539;0.1169974;-0.1001699;8.671704;-0.7155239;-1.347935;-0.0102192
1584853144;855980;57.709777424;11.918966398;45.034597107;1.140768;-7.377136;-0.1153309;1.6632421956;-3.1026760041;96.544069005;7.464817;-0.8023343;-0.9201401;8.917434;-0.4298067;-1.304511;0.2335247
1584853144;905942;57.709777964;11.918960225;45.039454349;1.213512;-7.339034;-0.1192682;1.6574022079;-3.1594352093;96.999514828;7.438684;0.9160563;-1.248216;9.315613;-0.5906534;-1.510737;-0.1384351
1584853144;956055;57.709778533;11.918954081;45.044214851;1.266593;-7.308625;-0.1062474;1.6923741524;-3.2416550923;97.461170622;7.417564;0.2793552;-1.802411;9.411385;-0.291457;-1.129398;0.7181579
1584853145;6128;57.709779127;11.918947965;45.047822041;1.333037;-7.267311;-0.08313734;1.6918019449;-3.3186221868;97.956394243;7.388559;0.6696699;-0.9295705;10.01558;-0.7103785;-1.535461;-0.2698068
1584853145;55843;57.709779727;11.918941876;45.051028778;1.399705;-7.223464;-0.08306768;1.6524432233;-3.3775648246;98.468438243;7.357826;-0.6027918;-0.731035;10.37036;-0.516478;-1.432155;0.2018587
1584853145;105981;57.709780358;11.918935825;45.053845992;1.471873;-7.177939;-0.08313759;1.6233459287;-3.4031929935;98.993891159;7.327293;-0.03569432;-0.2481081;10.52652;-0.6248106;-1.374926;-0.3590205
1584853145;156018;57.709781021;11.918929812;45.057075351;1.540185;-7.131424;-0.08736835;1.5885421338;-3.4040080464;99.523498388;7.295846;0.260956;0.6060696;10.71068;-0.7001429;-1.35321;-0.1799393
1584853145;205933;57.709781711;11.918923836;45.060773626;1.597821;-7.090021;-0.1020017;1.5231005791;-3.392245205;100.05798054;7.267835;-1.401279;0.4352652;10.7276;-0.6013543;-1.497118;-0.3747411
1584853145;256035;57.70978243;11.918917896;45.064958064;1.662887;-7.046982;-0.1084337;1.4284815081;-3.3713474807;100.59981022;7.240521;-1.121463;0.7633293;10.77401;-0.6122146;-1.512114;-0.2864225
1584853145;305995;57.709783179;11.918911994;45.069632632;1.728541;-7.000267;-0.1168398;1.3657428955;-3.3370479328;101.1444823;7.210519;-0.01123087;1.165787;10.86579;-0.5869499;-1.298348;-0.1368921
1584853145;355995;57.709783955;11.918906128;45.074679752;1.783247;-6.960696;-0.1185954;1.3443970883;-3.3035073048;101.68632198;7.18549;0.1658762;0.7254097;10.77552;-0.7380457;-1.359331;0.1715919
1584853145;406010;57.709784754;11.918900295;45.079541954;1.834463;-6.919621;-0.1172202;1.2832139361;-3.2993059188;102.23086381;7.158659;-1.174908;-0.02516787;10.78613;-0.6521075;-1.399685;0.1346639
1584853145;455942;57.709785579;11.918894497;45.084510511;1.896099;-6.87777;-0.1185926;1.2221885836;-3.3253820943;102.765693;7.134347;0.20677;-0.4401783;10.48703;-0.6237452;-1.602021;-0.03729745
1584853145;505949;57.709786432;11.918888733;45.089704445;1.956855;-6.840181;-0.1233562;1.1771014528;-3.3908395257;103.29184343;7.114587;-0.492554;-1.374284;10.52631;-0.5762471;-1.360646;-0.01271783
1584853145;555937;57.709787312;11.918882999;45.094945555;2.015495;-6.807812;-0.1227146;1.1396393182;-3.4812730904;103.81816392;7.099896;0.2889465;-1.566139;10.39609;-0.4331208;-1.14052;0.1197836
1584853145;605952;57.709788218;11.918877294;45.100300483;2.070351;-6.77095;-0.1343393;1.1210823622;-3.5775792844;104.3494412;7.080404;-0.08065205;-2.152941;10.73171;-0.4031;-1.066658;-0.1273498
1584853145;656013;57.709789149;11.918871618;45.105865399;2.132004;-6.733718;-0.1297131;1.0807673493;-3.6820645638;104.88828554;7.063172;0.6759835;-1.652669;10.83813;-0.4295578;-1.51494;-0.09073577
1584853145;705961;57.709790106;11.918865973;45.111629126;2.183407;-6.698593;-0.1357316;1.0593975357;-3.7898536176;105.42091118;7.045454;0.1766461;-1.94086;10.47524;-0.478254;-1.50227;-0.1880891
1584853145;755999;57.709791088;11.91886036;45.117648603;2.241927;-6.659794;-0.1487005;1.0161005575;-3.8930450967;105.95338832;7.027026;-0.4582526;-2.028255;10.7018;-0.3827536;-1.219444;-0.2199569
1584853145;806021;57.709792096;11.918854781;45.124330608;2.296975;-6.620313;-0.1616254;0.9785697417;-3.9887679053;106.47553594;7.00747;-0.1456349;-1.813737;10.44222;-0.1942656;-1.220169;-0.333463
1584853145;855963;57.709793129;11.918849233;45.131712567;2.352695;-6.584673;-0.1674373;0.93899041818;-4.0813385803;106.9958512;6.99236;-0.07644276;-1.265669;10.39079;-0.2269091;-1.33417;-0.3158007
1584853145;905963;57.709794186;11.918843713;45.139408843;2.402617;-6.548262;-0.1770938;0.89186397985;-4.1442866225;107.51569673;6.975121;-0.4754708;-0.8683106;10.34034;-0.3561594;-1.270102;-0.2560118
1584853145;955953;57.709795268;11.918838224;45.147484641;2.462672;-6.515623;-0.1777963;0.86201712612;-4.189303793;108.04100758;6.965493;0.5981414;-0.4588972;10.49332;-0.3513168;-1.265348;-0.08790296
1584853146;6195;57.709796374;11.918832759;45.155571528;2.514904;-6.4837;-0.1762413;0.87372826789;-4.2246648579;108.56717035;6.954359;1.431742;-0.3427253;10.4051;-0.342922;-1.104735;0.06558212
1584853146;55981;57.709797464;11.918827275;45.163859586;2.557997;-6.452768;-0.1868349;0.86610381347;-4.2531454442;109.09198219;6.941294;-0.05533959;-0.7382305;10.42545;-0.3724415;-1.207837;-0.1670137
1584853146;105949;57.709798577;11.918821821;45.172734777;2.610166;-6.415071;-0.2004833;0.83000420417;-4.2903192044;109.61466665;6.925757;-0.2827122;-0.6447101;10.19283;-0.2014976;-1.337439;-0.4103454
1584853146;156029;57.709799714;11.918816399;45.182270754;2.666109;-6.376634;-0.2080601;0.77939096324;-4.330755163;110.12622617;6.911556;-0.1622331;-0.6338108;10.19851;-0.2871082;-1.314894;-0.2086347
1584853146;205955;57.709800875;11.918811007;45.192205216;2.717981;-6.338668;-0.2161747;0.70962731323;-4.3779554423;110.63130162;6.896821;-0.6990126;-0.7211514;10.06838;-0.4981072;-1.329774;-0.3552691
1584853146;255936;57.709802059;11.918805648;45.202890237;2.768141;-6.304383;-0.2372746;0.6084517172;-4.4362062665;111.12886349;6.885336;-1.379592;-1.479354;9.887584;-0.3912232;-1.179226;-0.0699248
1584853146;306013;57.709803267;11.91880032;45.214196813;2.813428;-6.272674;-0.2459506;0.53877960434;-4.5216482632;111.62051693;6.874723;-0.3282898;-2.093481;9.392585;-0.1263294;-0.894461;0.2390608
1584853146;355939;57.709804494;11.918795014;45.225286768;2.854772;-6.243609;-0.2290284;0.48105309921;-4.6181110495;112.09551462;6.865303;-0.9090362;-1.717037;9.581761;-0.4358368;-1.073077;-0.01863969
1584853146;405962;57.709805737;11.918789732;45.235850991;2.890063;-6.216199;-0.2180707;0.39911286137;-4.7040034945;112.56213896;6.855188;-0.5085652;-1.305381;9.172133;-0.308198;-1.092418;0.09434961
1584853146;456021;57.709806997;11.918784475;45.245749539;2.92415;-6.184488;-0.2080706;0.34592299539;-4.759865736;113.00772043;6.840946;-0.6275942;-0.8154008;8.736573;-0.4038536;-0.8966348;-0.06694063
1584853146;505939;57.709808274;11.918779247;45.255251859;2.957769;-6.151919;-0.2052979;0.31222019588;-4.776686595;113.44219058;6.826017;0.3719409;-0.1059663;8.399298;-0.3933019;-0.8198142;-0.2891064
1584853146;556030;57.709809564;11.918774046;45.264830709;2.986024;-6.121531;-0.2064043;0.31816069298;-4.7612580953;113.85004859;6.810982;1.197582;0.5560303;7.985188;-0.2976092;-0.5786651;-0.168198
1584853146;605935;57.709810866;11.918768868;45.274314148;3.010351;-6.094764;-0.2012632;0.36471252997;-4.7185892286;114.23680303;6.797674;1.999385;1.140188;7.572167;-0.3480416;-0.6586579;-0.07381797
1584853146;656177;57.709812178;11.918763712;45.283608994;3.03336;-6.069078;-0.1956382;0.39847151411;-4.6497722095;114.60217608;6.784908;1.078152;1.703891;7.107168;-0.2650139;-1.020965;0.02665733
1584853146;705877;57.709813501;11.918758579;45.292646699;3.053375;-6.04105;-0.2000713;0.38273259876;-4.542711513;114.95207398;6.768855;-0.4425769;2.264246;6.798817;-0.2424043;-0.8008137;-0.2691958
1584853146;755978;57.709814837;11.918753473;45.301864165;3.086308;-6.006611;-0.1987402;0.35816046672;-4.3987948931;115.29296219;6.753123;0.7659245;3.311713;6.5603;-0.1648731;-0.7602338;-0.03306894
1584853146;805955;57.709816186;11.918748391;45.311194185;3.112353;-5.984027;-0.1970623;0.35533358515;-4.248971775;115.61643809;6.745022;-0.1174999;2.899582;6.336426;-0.178068;-0.7455357;0.07351987
1584853146;855985;57.709817546;11.918743328;45.319994493;3.131435;-5.961351;-0.1818666;0.3249539512;-4.1126144935;115.92860365;6.733765;-0.0701597;2.795985;6.036465;-0.4179188;-0.5971463;0.1545093
1584853146;906013;57.709818914;11.918738282;45.328312228;3.149658;-5.94313;-0.1762025;0.28245090932;-3.9972515554;116.22454353;6.726153;-0.8367807;1.85364;5.802279;-0.3212483;-0.56863;0.4842756
1584853146;956099;57.709820291;11.918733255;45.336114443;3.170149;-5.917616;-0.1703573;0.23972528523;-3.908646413;116.50406734;6.713273;-0.403199;1.361648;5.529109;-0.3550002;-0.6598352;-0.003590392
1584853147;6168;57.709821675;11.918728243;45.34382944;3.174384;-5.899951;-0.1711456;0.23493886049;-3.8504316692;116.75712543;6.699712;0.4076499;0.7536041;4.589726;-0.3615845;-0.3106291;0.04504998
1584853147;55877;57.709823041;11.918723181;45.351451228;3.172541;-5.884872;-0.1687006;0.20935650583;-3.820753296;116.99664199;6.685562;-0.522317;0.3130774;4.606881;-0.1743173;-0.08508903;0.2948906
1584853147;105939;57.709824407;11.918718131;45.358834616;3.177708;-5.86732;-0.1591735;0.16783910189;-3.8126075254;117.20627416;6.672576;-0.1072967;0.1122508;3.850159;-0.3030829;-0.5183067;0.214981
1584853147;156003;57.709825775;11.918713097;45.365749197;3.181471;-5.849502;-0.1494932;0.13052882484;-3.822071767;117.37511441;6.658711;-0.3481717;-0.2636924;3.107324;-0.3184548;-0.4046424;0.3050353
1584853147;205951;57.709827143;11.918708078;45.372067412;3.179871;-5.834249;-0.1351473;0.092231013077;-3.8424708667;117.50573961;6.64455;-0.5522636;-0.2284946;2.431262;-0.284099;-0.2171512;0.1957183
1584853147;256068;57.70982851;11.918703071;45.377707976;3.16741;-5.822343;-0.1240569;0.048745390517;-3.8558637671;117.60328397;6.628134;-0.9452716;-0.227181;1.72151;-0.3258443;-0.0137648;0.1657147
1584853147;306013;57.709829871;11.918698073;45.382531232;3.154671;-5.811822;-0.1058444;-0.017248746541;-3.8535449861;117.67451366;6.612808;-1.202044;0.2521129;1.252171;-0.3123983;-0.07293771;0.1819884
1584853147;356021;57.709831226;11.918693086;45.386675084;3.136165;-5.800798;-0.09949306;-0.092505663981;-3.8309950737;117.71606334;6.5943;-1.553827;0.5484512;0.6353888;-0.3051089;0.06114544;-0.06045269
1584853147;405998;57.709832572;11.918688108;45.390835781;3.11488;-5.789333;-0.104428;-0.19400217213;-3.8012018979;117.72808539;6.574104;-2.001534;0.681588;-0.09765618;-0.3850704;0.06761567;-0.2269199
1584853147;455973;57.70983391;11.918683143;45.395716898;3.094729;-5.773924;-0.1278114;-0.29193276669;-3.771408841;117.70655746;6.550996;-1.84661;0.4638487;-0.8692037;-0.3598107;0.04860467;-0.4936164
1584853147;505968;57.709835239;11.918678191;45.401680406;3.06846;-5.761694;-0.1469254;-0.35135700657;-3.7436509228;117.64233242;6.52783;-0.86865;0.5673905;-1.691528;-0.6138359;0.2435164;-0.5198199
1584853147;555941;57.709836553;11.918673247;45.408728189;3.032753;-5.756409;-0.1681029;-0.39840511897;-3.7269562213;117.5488233;6.506445;-1.009956;0.1214365;-2.003235;-0.3269632;0.5326236;-0.1340316
1584853147;605948;57.70983785;11.918668306;45.416605219;2.990472;-5.753703;-0.1812486;-0.44107344482;-3.7381873962;117.42993121;6.484445;-1.360551;-0.4897797;-2.66361;-0.5213791;0.5474854;-0.08528171
1584853147;656050;57.709839131;11.918663369;45.424965329;2.95674;-5.7504;-0.1836742;-0.48965593681;-3.7764797906;117.29059525;6.46602;-1.061884;-0.9024445;-2.954245;-0.4088281;0.4862468;0.2530379
1584853147;705917;57.709840396;11.918658434;45.433081416;2.919535;-5.747141;-0.1763923;-0.5224285062;-3.8350902108;117.12114649;6.446186;-1.194708;-1.430684;-3.522558;-0.3707667;0.4113547;0.2350056
1584853147;756041;57.709841643;11.918653501;45.440560337;2.875921;-5.74873;-0.1561341;-0.56362009841;-3.9126931228;116.91560376;6.427972;-1.06842;-1.513234;-4.562825;-0.4338023;0.4089058;0.3223039
1584853147;805958;57.709842872;11.918648568;45.447204877;2.833717;-5.746458;-0.1435508;-0.62109450987;-4.0027819068;116.66932009;6.407163;-1.461951;-1.793763;-5.239403;-0.447603;0.6463057;0.2498287
1584853147;855945;57.709844079;11.918643638;45.453320426;2.776201;-5.747737;-0.136722;-0.68020217904;-4.0930245373;116.37606738;6.383085;-1.872409;-1.661546;-6.348848;-0.5129899;0.738906;0.1328037
1584853147;905944;57.709845259;11.918638708;45.459195915;2.713217;-5.745287;-0.1341877;-0.75327181116;-4.1645802529;116.04288565;6.353729;-1.62969;-1.048942;-7.008786;-0.640963;0.9375257;-0.2713169
1584853147;955943;57.709846409;11.91863378;45.465200493;2.64033;-5.745239;-0.139333;-0.83071190658;-4.2102247616;115.671827;6.322905;-1.877285;-0.4517959;-7.687642;-0.624294;1.051908;-0.284781
1584853148;6129;57.70984753;11.918628859;45.471434139;2.560642;-5.743466;-0.1514273;-0.87040357725;-4.2230925965;115.25968503;6.288425;-1.247475;-0.03072807;-8.679695;-0.6984107;1.191377;-0.4121688
1584853148;55963;57.70984864;11.918623981;45.477625128;2.4738;-5.745454;-0.1596395;-0.88432532436;-4.2072705154;114.79876387;6.255392;-1.067447;0.6214842;-9.725002;-0.6769443;1.287125;-0.5389357
1584853148;105977;57.709849711;11.918619103;45.484348112;2.387645;-5.742868;-0.1642046;-0.92310345205;-4.1676909784;114.28396755;6.219436;-1.483019;1.389742;-10.54682;-0.7249823;1.068718;-0.3714024
1584853148;156103;57.709850743;11.918614226;45.491377703;2.302012;-5.743692;-0.1718955;-0.96597712842;-4.1092072537;113.70933912;6.187831;-1.455874;1.325864;-12.03302;-0.5677484;1.330753;0.1375474
1584853148;206046;57.709851737;11.918609351;45.498231227;2.213413;-5.741949;-0.1614773;-0.99766892716;-4.0328160094;113.08124678;6.153793;-1.670976;1.847237;-12.96217;-0.643151;1.512315;0.2203277
1584853148;256035;57.70985269;11.918604476;45.504619707;2.120331;-5.740676;-0.1541793;-1.0518563325;-3.9547791269;112.41342304;6.119736;-2.259463;1.618177;-13.34636;-0.8032297;1.642575;0.2174726
1584853148;305978;57.7098536;11.918599604;45.510812412;2.019341;-5.739269;-0.1512277;-1.1063010377;-3.8873632649;111.71561619;6.084156;-1.911285;1.610094;-14.23733;-0.7966756;1.606425;0.04236732
1584853148;355953;57.709854465;11.918594731;45.517120253;1.917982;-5.739401;-0.1575259;-1.1752645612;-3.8465581764;110.9945871;6.051395;-2.645085;0.6522819;-14.53856;-0.8659962;1.888446;0.1490344
1584853148;405977;57.709855284;11.91858986;45.523258274;1.816236;-5.734086;-0.1394667;-1.2352570567;-3.8303356529;110.24524767;6.014853;-1.651771;0.9889908;-15.071;-0.9537888;1.726682;-0.001757691
1584853148;455964;57.70985606;11.918584997;45.529347857;1.727421;-5.723846;-0.1595584;-1.2872651617;-3.8360823357;109.47429777;5.978828;-1.185105;-0.3545106;-15.44882;-0.8256609;1.674672;0.09351746
1584853148;505941;57.709856793;11.91858014;45.53596931;1.62315;-5.717101;-0.1583684;-1.2264302036;-3.8715755562;108.66290938;5.943051;0.5071563;-0.1219115;-16.47159;-1.111664;1.673808;-0.2813607
1584853148;556038;57.709857481;11.918575293;45.543048323;1.512313;-5.709901;-0.1763656;-1.1695100542;-3.9256862762;107.84003111;5.906781;-0.256573;-1.089342;-16.87233;-0.7380876;2.2014;0.1091747
1584853148;605958;57.709858116;11.918570451;45.550246524;1.39977;-5.700976;-0.171564;-1.1712637824;-3.983108989;106.99564358;5.870305;-2.210856;-0.9504934;-16.95984;-0.9526285;1.704849;-0.02777802
1584853148;655952;57.709858707;11.91856562;45.557163614;1.31224;-5.689599;-0.162016;-1.2094677435;-4.0484334192;106.14584983;5.838965;-1.841328;-1.12102;-17.22993;-0.5805402;1.517518;0.3591461
1584853148;705931;57.709859259;11.918560798;45.563222429;1.222329;-5.677049;-0.1379059;-1.1905632443;-4.1057782298;105.27313163;5.807148;-0.4961638;-0.5978339;-17.53575;-0.6887251;1.743479;0.2642873
1584853148;755954;57.709859768;11.918555984;45.568541732;1.123001;-5.669324;-0.1360317;-1.1632066473;-4.1630934691;104.39778291;5.779478;-0.9557599;-1.251048;-17.33865;-0.5921553;2.13271;0.1415349
1584853148;806070;57.709860229;11.918551177;45.573584135;1.012906;-5.66242;-0.1255966;-1.1666376898;-4.2145437247;103.51784786;5.752302;-2.21221;-0.4032623;-17.5782;-0.809066;1.927331;-0.1340739
1584853148;855948;57.709860646;11.918546382;45.578478315;0.9163286;-5.64437;-0.1275984;-1.1866292532;-4.2390875218;102.63156726;5.718266;-1.965734;0.2209207;-17.94052;-0.3201255;2.040462;-0.1352233
1584853148;905997;57.70986102;11.918541594;45.58324289;0.8286402;-5.637141;-0.1143681;-1.2155720824;-4.2546912704;101.7127798;5.697719;-2.521636;0.1611219;-18.4812;-0.640187;1.678379;-0.09966078
1584853148;956013;57.709861353;11.918536822;45.587727883;0.7284916;-5.616855;-0.1202775;-1.2685790081;-4.2433070476;100.7717613;5.663899;-1.799578;1.386526;-18.79424;-0.3637836;2.266166;-0.4292597
1584853149;6154;57.709861649;11.918532085;45.593231829;0.6263808;-5.598475;-0.1247369;-1.2823045426;-4.2059586304;99.826062374;5.633407;0.3812052;2.572178;-19.11605;-0.9855114;1.38308;-1.116277
1584853149;55916;57.709861984;11.918527548;45.601332001;0.5107161;-5.598208;-0.1618243;-1.2865710013;-4.1697098004;98.87493551;5.621456;-3.375957;0.5046215;-19.01044;-0.5636698;2.343875;0.07241616
1584853149;105967;57.709862268;11.918523009;45.609223423;0.3974275;-5.598783;-0.152932;-1.2980577667;-4.132651851;97.909694448;5.612871;-2.802309;0.4339464;-19.45253;-0.2131205;2.534663;0.4204223
1584853149;156026;57.709862503;11.918518475;45.616793587;0.3023954;-5.589339;-0.1344392;-1.276264403;-4.0723994802;96.92781582;5.597513;-0.431707;2.079923;-19.56355;-0.2021854;1.936409;-0.0700794
1584853149;205965;57.709862691;11.918513944;45.624095212;0.1951862;-5.584156;-0.1258748;-1.2286235198;-3.9996518883;95.914569022;5.587565;0.5948802;2.192975;-20.49805;-0.1328867;2.12575;0.3463334
1584853149;255951;57.709862831;11.918509418;45.630816096;0.08290948;-5.577178;-0.1061319;-1.1268719527;-3.9275815529;94.878996168;5.577794;1.259474;2.271285;-20.72756;-0.3505124;2.242088;0.7317491
1584853149;306029;57.709862917;11.918504894;45.63671303;-0.03830487;-5.570982;-0.1072439;-1.0727962008;-3.8778022619;93.826750813;5.571114;-1.745634;1.065074;-21.32225;-0.5091078;1.797417;0.06037462
1584853149;355993;57.709862953;11.918500378;45.642438121;-0.1393533;-5.561245;-0.1022529;-1.0557136385;-3.8288378083;92.752976964;5.562991;-1.017947;1.281837;-21.49303;-0.1566571;2.126947;0.1185687
1584853149;405993;57.709862945;11.918495871;45.647839232;-0.2318521;-5.546497;-0.08811188;-1.0158827179;-3.7689458136;91.658588457;5.551341;0.2114866;2.14141;-21.84195;-0.4537062;1.790628;-0.09242117
1584853149;456024;57.70986289;11.918491375;45.652945675;-0.347629;-5.53152;-0.09049315;-0.97252335508;-3.6910703761;90.54887646;5.542433;-1.115237;2.097732;-22.25116;-0.6306576;2.325396;-0.1646093
1584853149;505998;57.709862786;11.918486894;45.658096449;-0.4572177;-5.510792;-0.09386603;-0.92397544746;-3.5919749838;89.440367477;5.529727;-0.101982;2.578363;-22.1175;-0.2548579;2.394159;0.03510286
1584853149;555982;57.709862628;11.91848243;45.663376186;-0.576479;-5.490734;-0.09816067;-0.87290629234;-3.4642486788;88.334832419;5.520913;-0.8120836;2.657892;-21.98651;-0.1652416;2.377859;0.06615259
1584853149;606086;57.709862417;11.91847798;45.66837137;-0.6856466;-5.470906;-0.08150406;-0.85797759601;-3.3317444697;87.229582918;5.513703;-0.1382374;3.236563;-22.1795;-0.2630809;1.923777;0.04305779
1584853149;655949;57.70986216;11.918473545;45.672963068;-0.7890919;-5.454901;-0.07167109;-0.77382557508;-3.2064409788;86.104663887;5.51168;0.7662683;2.805154;-22.69165;-0.2551467;2.04749;0.5582393
1584853149;705920;57.709861854;11.918469125;45.676786674;-0.8993756;-5.434563;-0.05946347;-0.67162778636;-3.0952172092;84.957151691;5.50848;0.3833919;2.116501;-23.08303;-0.2369727;2.15759;0.374216
1584853149;755985;57.709861495;11.918464721;45.679793712;-1.01788;-5.41347;-0.03919766;-0.65565336645;-3.010791092;83.801387556;5.508333;-1.985056;1.696465;-22.99035;-0.2590201;2.20443;0.5620431
1584853149;806037;57.709861086;11.918460334;45.68168777;-1.119653;-5.392457;-0.01088314;-0.70225116113;-2.9378098474;82.641761861;5.50747;-1.786106;2.064259;-23.24322;-0.1406909;2.071638;0.5902315
1584853149;855985;57.709860632;11.918455963;45.682439881;-1.225256;-5.368778;0.001314725;-0.73655674417;-2.8545789667;81.46785768;5.506817;-2.226816;1.867498;-23.71051;-0.2297687;2.094825;0.2837336
1584853149;906040;57.70986013;11.918451612;45.682431365;-1.327354;-5.346552;0.01959421;-0.80444407477;-2.7697940547;80.291779406;5.508855;-2.836214;2.036737;-23.3665;-0.1744716;2.192249;0.4433787
1584853149;955986;57.70985958;11.91844728;45.68190364;-1.430777;-5.323689;0.02371386;-0.89862709447;-2.6886220554;79.120469825;5.512603;-3.328501;1.843008;-23.20749;-0.07266799;2.073583;0.1450896
1584853150;6231;57.709858988;11.918442964;45.681347278;-1.532521;-5.296582;0.02893687;-1.0077616694;-2.6319639862;77.953365893;5.513837;-2.319433;2.09833;-23.24011;-0.06009736;2.031624;-0.1300283
1584853150;55984;57.709858417;11.918438633;45.680234196;-1.63993;-5.266986;0.01984934;-1.0904704889;-2.5710583788;76.791059115;5.516386;-2.339259;1.577785;-23.19762;-0.1967822;2.346214;0.1241103
1584853150;105960;57.709857796;11.918434327;45.678994867;-1.757223;-5.236233;0.0202131;-1.1594175982;-2.4935485203;75.624531648;5.523221;-3.235236;1.492893;-23.54626;0.1721189;2.529869;0.4467047
1584853150;156000;57.709857123;11.918430049;45.677327683;-1.864379;-5.20179;0.0436413;-1.2204601195;-2.4067986488;74.453959966;5.525806;-2.045294;2.854846;-23.53526;0.1965007;2.480432;0.2137055
1584853150;205999;57.709856401;11.9184258;45.675562039;-1.974888;-5.16183;0.03272321;-1.2374569944;-2.3236177126;73.278864097;5.526723;-1.806926;2.287345;-23.69662;-0.4768103;2.593783;-0.1283207
1584853150;256000;57.709855628;11.918421584;45.674161795;-2.083364;-5.121799;0.02349366;-1.2552157815;-2.2483795001;72.089902703;5.529306;-1.316961;1.980329;-23.80656;-0.1412789;2.173991;-0.1050731
1584853150;306007;57.709854804;11.918417402;45.673110316;-2.190838;-5.079359;0.01783798;-1.2948158988;-2.1825788087;70.895063799;5.531695;-1.129504;1.643381;-23.94839;-0.1721478;2.061765;-0.1684404
1584853150;355963;57.709853931;11.918413257;45.672097454;-2.296986;-5.036949;0.02151609;-1.3360987705;-2.1324416154;69.689507752;5.535974;-1.644695;1.269704;-23.94159;0.0005181007;2.183082;0.1601263
1584853150;406039;57.709853011;11.918409149;45.670611902;-2.402396;-4.988947;0.03401599;-1.3584258055;-2.1045697466;68.486596076;5.537247;-1.24821;0.8632898;-24.10511;-0.1723556;2.438047;0.3461288
1584853150;455974;57.709852043;11.918405084;45.668707643;-2.501548;-4.93552;0.04334177;-1.3766005552;-2.0997075101;67.285761172;5.533272;-1.046459;0.7854983;-23.89112;-0.2666537;2.15235;0.1107597
1584853150;506002;57.709851029;11.918401063;45.666575223;-2.610888;-4.879446;0.04158836;-1.4120200043;-2.105120246;66.084313265;5.534052;-1.949638;0.1931004;-24.09824;-0.2002286;2.466238;0.4357534
1584853150;555999;57.709849967;11.918397088;45.664148373;-2.706215;-4.826588;0.04968056;-1.4406562921;-2.1065618364;64.879757212;5.533494;-1.326215;0.664013;-23.82997;0.08628167;2.329014;-0.13129
1584853150;606011;57.709848859;11.918393159;45.661584341;-2.808522;-4.770067;0.05197696;-1.4879541112;-2.1063422348;63.672997313;5.535461;-2.065024;0.6816367;-23.94743;-0.2313878;2.290185;0.1584434
1584853150;655958;57.709847706;11.918389275;45.658822071;-2.906081;-4.716336;0.06042141;-1.5606381168;-2.106795837;62.461456627;5.539777;-2.186372;0.8267629;-23.94557;0.01783545;2.280528;0.235999
1584853150;705943;57.709846508;11.918385439;45.655660715;-3.003826;-4.655664;0.06392566;-1.6379740908;-2.1031883419;61.248050438;5.540594;-2.47571;0.7833861;-24.22003;-0.07996997;2.302282;0.05973241
1584853150;755976;57.709845267;11.918381653;45.652323408;-3.099612;-4.592114;0.06356037;-1.6951821741;-2.0947128309;60.031888284;5.540316;-2.251727;0.8085348;-24.22931;-0.1715903;2.56912;-0.02195873
1584853150;806149;57.709843983;11.918377922;45.648999734;-3.193467;-4.522997;0.06163259;-1.7293675986;-2.0694991915;58.819621989;5.536762;-1.541168;1.34068;-24.10139;-0.1723227;2.502739;-0.2118505
1584853150;855995;57.709842653;11.918374251;45.64584779;-3.293799;-4.449831;0.06079544;-1.769315454;-2.0292631153;57.610127134;5.536254;-1.714976;1.677779;-24.15486;-0.156289;2.410357;-0.007760556
1584853150;905957;57.70984128;11.918370639;45.642778052;-3.387123;-4.381395;0.06370452;-1.8147291468;-1.9790099156;56.402586735;5.53798;-1.302652;1.976752;-23.9426;-0.007239286;2.354484;0.1344004
1584853150;955924;57.709839863;11.918367085;45.639586549;-3.483089;-4.309963;0.06196103;-1.8338363684;-1.9228171139;55.195300748;5.541452;-0.8987049;1.687589;-24.21703;-0.1853728;2.427396;0.1057543
1584853151;6186;57.709838397;11.918363583;45.636356625;-3.575141;-4.238897;0.06263501;-1.8454207312;-1.8730921546;53.987286371;5.545258;-1.242947;1.42516;-23.82893;0.04148611;2.276353;0.2278102
1584853151;55921;57.709836838;11.918360076;45.633609596;-3.667965;-4.162362;0.06557894;-1.8736568213;-1.8372920316;52.783750479;5.547903;-1.170072;1.445757;-23.98609;-0.3040159;2.158736;-0.1097087
1584853151;106049;57.709835238;11.918356631;45.631220237;-3.760758;-4.086513;0.05405709;-1.914260286;-1.8316620674;51.577467563;5.553638;-1.512874;0.5856872;-24.35406;0.0002997879;2.303436;0.1621856
1584853151;155973;57.7098336;11.918353248;45.629102157;-3.840006;-4.011872;0.05013332;-1.9105085118;-1.8458102549;50.366330574;5.553446;-0.2348894;0.3951044;-24.44354;-0.2566524;2.352391;0.0008885606
1584853151;206018;57.709831924;11.918349931;45.627289388;-3.928051;-3.930436;0.04512415;-1.8684872578;-1.8850844736;49.145024645;5.556789;0.3426716;-0.1612279;-24.59044;-0.1589065;2.493931;0.08771911
1584853151;256013;57.709830207;11.918346686;45.62550151;-4.020875;-3.840739;0.047644;-1.8324837524;-1.9447337767;47.919819916;5.56046;-0.6699997;-0.5969085;-24.55945;-0.1421444;2.568394;0.3137801
1584853151;305967;57.70982845;11.918343516;45.623556858;-4.102816;-3.754635;0.04658508;-1.8122910368;-2.0129977288;46.701046267;5.561509;-0.5463412;-0.8022405;-24.17577;-0.167399;2.426565;0.1356653
1584853151;355967;57.709826655;11.918340419;45.621520609;-4.187786;-3.664326;0.05528471;-1.7899718057;-2.0852643015;45.486270828;5.564606;-0.2968033;-0.4826667;-24.39005;-0.08206772;2.475589;0.2142503
1584853151;406003;57.709824824;11.918337396;45.61919435;-4.262079;-3.578507;0.06214683;-1.7560455787;-2.1511925923;44.272825307;5.565163;0.0803546;-0.2710604;-24.09618;-0.2492579;2.284556;0.1778386
1584853151;456038;57.709822958;11.918334449;45.61663469;-4.337681;-3.486957;0.05908654;-1.7261864452;-2.2067688947;43.060729403;5.56546;-0.4581484;-0.4991283;-24.14315;-0.3397532;2.30226;0.06751031
1584853151;505998;57.709821059;11.918331579;45.613971357;-4.41202;-3.393014;0.06398538;-1.7158043768;-2.2533692761;41.845250615;5.56583;-0.9779154;0.02137776;-24.40178;-0.3458811;2.191457;-0.07871101
1584853151;555974;57.709819128;11.918328785;45.611365388;-4.482253;-3.302701;0.05385396;-1.7171010666;-2.2802489713;40.627673469;5.567623;-1.748076;0.01662105;-24.4231;-0.03442274;2.100311;-0.3890551
1584853151;606028;57.709817167;11.918326068;45.609000292;-4.548493;-3.211431;0.0564996;-1.7187891132;-2.2829445368;39.408575207;5.567951;-0.6508641;1.026657;-24.35041;0.1217182;2.439923;-0.004337544
1584853151;656027;57.709815174;11.918323432;45.606865914;-4.617248;-3.109327;0.04973996;-1.7007091329;-2.259320948;38.190500209;5.566587;-0.7535344;1.47757;-24.25764;-0.3790157;2.448588;-0.3821558
1584853151;706002;57.70981315;11.918320883;45.605155109;-4.687929;-3.002653;0.04153666;-1.7098227568;-2.2300774917;36.981357086;5.5671;-1.534399;1.230635;-24.07537;-0.1806656;2.611743;0.3155604
1584853151;755986;57.709811096;11.918318422;45.60339919;-4.751688;-2.899757;0.04639261;-1.7029812168;-2.1912029732;35.772949827;5.566608;-0.1892471;1.703387;-24.14717;-0.2756265;2.508955;-0.06210064
1584853151;806043;57.709809012;11.91831605;45.601623131;-4.814333;-2.791832;0.04874326;-1.6590205101;-2.1495053273;34.556933617;5.565261;0.4191085;1.890948;-24.2571;-0.1709384;2.661004;-0.1085735
1584853151;856053;57.709806899;11.918313772;45.599715165;-4.877431;-2.676984;0.05175401;-1.6139225629;-2.0961117481;33.329085262;5.563773;-0.09350932;1.971572;-24.38726;-0.3645918;2.488794;0.05413207
1584853151;906005;57.709804759;11.91831159;45.597828046;-4.941488;-2.563793;0.04784795;-1.5885265686;-2.0550903953;32.093365993;5.566987;-0.6850215;1.389446;-24.88747;-0.2862965;2.425892;0.06953088
1584853151;955947;57.709802592;11.918309499;45.595862882;-4.992545;-2.460423;0.04679237;-1.5781760951;-2.0241129953;30.837959203;5.565895;-0.03241985;1.207756;-25.18233;-0.2825208;2.165914;-0.003983497
1584853152;6242;57.709800401;11.918307487;45.593974675;-5.047843;-2.350593;0.04561666;-1.5540371774;-2.0084201315;29.566424216;5.568304;-0.184376;0.7550155;-25.41968;-0.2464767;2.479174;0.233998
1584853152;56058;57.709798186;11.918305488;45.590787542;-5.097822;-2.240476;0.05791963;-1.5521195172;-1.9905610398;28.29483052;5.56844;-1.107086;1.152385;-25.20757;-0.3316554;2.286429;-0.09502696
1584853152;106009;57.709795948;11.918303584;45.587652958;-5.152515;-2.117578;0.04769155;-1.549855143;-1.9800101899;27.030343953;5.570686;-1.298018;0.6656743;-25.46383;-0.2771916;2.632916;-0.0007708574
1584853152;156020;57.709793686;11.918301782;45.584444697;-5.201839;-2.000864;0.0618156;-1.5799667667;-1.9689569238;25.773898872;5.573382;-1.119336;1.129641;-25.15483;0.07350716;2.613946;0.3449892
1584853152;206013;57.709791403;11.918300078;45.58056462;-5.242117;-1.889369;0.07217526;-1.6167677375;-1.9370188263;24.520137973;5.572209;-1.080948;1.613718;-25.03428;-0.4070991;2.193194;-0.3329445
1584853152;255996;57.709789101;11.918298467;45.576738055;-5.288568;-1.776582;0.06752268;-1.6246263762;-1.9191260363;23.26182521;5.578995;-1.138288;0.8216665;-25.20605;-0.04510531;2.48876;0.4752429
1584853152;306115;57.70978678;11.918296954;45.572509133;-5.327189;-1.660713;0.073895;-1.6395821185;-1.8997101701;22.00230347;5.580047;-1.412971;0.9268835;-24.93474;-0.0606505;2.580488;0.155848
1584853152;355975;57.70978444;11.918295541;45.568243818;-5.368796;-1.541205;0.07384435;-1.6687682685;-1.887953182;20.735172577;5.585632;-1.253101;0.7415079;-25.51585;-0.2613348;2.470147;0.02844615
1584853152;406052;57.709782084;11.918294224;45.564005893;-5.399863;-1.426509;0.06420307;-1.689400085;-1.8809256018;19.466111246;5.58511;-1.59767;0.4671414;-25.32166;-0.3308179;2.316994;-0.2982859
1584853152;455988;57.709779712;11.918293009;45.560251366;-5.434309;-1.300405;0.06742673;-1.7157383682;-1.8822507983;18.198463534;5.587733;-1.11386;0.9898218;-25.34272;-0.1765234;2.493543;0.09838656
1584853152;506018;57.709777328;11.918291899;45.556639451;-5.459666;-1.175956;0.06208173;-1.7384430061;-1.8773104148;16.939899338;5.584875;-0.9371766;1.142523;-25.14284;-0.2790403;2.585143;-0.03335106
1584853152;556054;57.709774931;11.918290894;45.553333147;-5.48789;-1.052136;0.05197463;-1.7202079892;-1.8676512541;15.687464656;5.587838;-0.3709749;0.7497288;-24.92897;-0.1684633;2.639757;0.3000414
1584853152;606027;57.709772521;11.918289993;45.550122987;-5.512365;-0.9262839;0.06073216;-1.6800928328;-1.8730711838;14.435615945;5.589648;0.1518333;0.699184;-25.06609;-0.4194027;2.697299;0.3364553
1584853152;656026;57.709770099;11.918289203;45.546472093;-5.540484;-0.7948723;0.06596733;-1.6966512251;-1.9011854075;13.171540283;5.597213;-2.516023;0.004451525;-25.12415;-0.0740396;2.564817;0.2403759
1584853152;705908;57.709767668;11.918288517;45.542522317;-5.55465;-0.6768522;0.07274651;-1.7536305017;-1.933604747;11.905282051;5.595737;-1.691986;0.5450963;-25.35872;-0.07239739;2.439534;-0.1397174
1584853152;755990;57.709765229;11.918287926;45.538635142;-5.573473;-0.5676917;0.069505;-1.7855511227;-1.9621379879;10.631930104;5.60231;-1.344223;0.004348777;-25.3925;-0.230576;2.412308;0.4327821
1584853152;806242;57.709762783;11.918287433;45.534291923;-5.587057;-0.4442872;0.07691492;-1.8217163529;-1.991938109;9.3520028358;5.604694;-2.126484;0.2262946;-25.74667;-0.4759681;2.21381;-0.2862059
1584853152;856002;57.70976033;11.918287044;45.530126396;-5.600407;-0.3209844;0.07272439;-1.9032409406;-2.0366218728;8.0770849251;5.609598;-3.169139;-0.03496952;-25.30755;-0.2219404;2.536198;0.05414579
1584853152;906018;57.709757873;11.918286758;45.526124192;-5.608713;-0.1959138;0.06868535;-1.9804908219;-2.0825935621;6.8180355122;5.612134;-2.324448;-0.07320505;-25.12522;-0.2059419;2.706573;0.1739322
1584853152;955988;57.709755413;11.918286576;45.522182744;-5.611909;-0.07667216;0.05578404;-2.0265637521;-2.1060678935;5.5800319163;5.612433;-2.232847;-0.04828655;-24.61195;-0.3457792;2.544169;-0.2758571
1584853153;6217;57.709752952;11.918286483;45.518600166;-5.613609;0.03661899;0.05745754;-2.0358017819;-2.1269343566;4.3630695388;5.613729;-0.1357695;0.4219137;-23.97323;-0.2253116;2.614422;-0.03189558
1584853153;55947;57.709750504;11.918286399;45.514757136;-5.614713;0.1554008;0.05455994;-1.9683659027;-2.1466527771;3.1674696364;5.616863;1.621605;0.7828436;-23.66681;-0.1736251;2.288872;0.02439457
1584853153;105994;57.709748055;11.918286411;45.511323292;-5.613459;0.2668382;0.03838634;-1.8726729078;-2.1591365119;1.9982149658;5.619797;1.59401;0.4996845;-23.08666;-0.00887594;2.220191;-0.1445931
1584853153;156004;57.709745605;11.918286514;45.508291978;-5.615177;0.3721097;0.03668168;-1.7619293672;-2.1711639208;0.85774420441;5.627493;1.740858;0.5250058;-22.42593;-0.03199044;2.449367;0.1118533
1584853153;206040;57.709743156;11.918286702;45.505246425;-5.613698;0.4668542;0.03353232;-1.6406336668;-2.1749005526;359.74944053;5.633078;1.328411;0.3699519;-21.8431;-0.3220263;2.182801;-0.1155297
1584853153;256106;57.709740706;11.918286965;45.502284674;-5.615824;0.552242;0.03174582;-1.5246505159;-2.1871697444;358.68174383;5.642911;0.598813;0.005461412;-20.8494;0.1692329;1.904766;0.1630562
1584853153;306131;57.709738255;11.918287301;45.498997576;-5.613638;0.6331717;0.04655352;-1.4428132575;-2.1890378871;357.65934624;5.649234;1.294622;0.7254463;-19.95746;0.002385596;1.907333;-0.04132773
1584853153;355996;57.709735806;11.918287703;45.495700768;-5.612741;0.7079218;0.04564872;-1.3748709822;-2.1940578044;356.68353488;5.657209;1.111129;0.4617162;-19.03572;-0.06791551;1.784155;-0.1795424
1584853153;406021;57.709733356;11.918288165;45.492327221;-5.612281;0.777887;0.04524373;-1.3158013698;-2.2038417479;355.75842313;5.665934;0.6002522;0.2025367;-18.21998;0.313198;1.343483;0.2549525
1584853153;455990;57.709730907;11.918288682;45.488688687;-5.610628;0.8368489;0.04805681;-1.2513658987;-2.2094308219;354.87675032;5.672694;0.6043463;0.1244241;-17.06737;0.07751057;1.51249;0.02675297
1584853153;506039;57.709728458;11.918289255;45.485035637;-5.606559;0.9063859;0.04890239;-1.1985648349;-2.2272319006;354.04025055;5.679352;0.5330178;-0.09206723;-16.3404;-0.03012648;1.533684;0.03580386
1584853153;555952;57.709726012;11.918289881;45.48159092;-5.601203;0.965258;0.03777917;-1.1371657321;-2.2436757829;353.25231139;5.683766;0.8048316;-0.2129644;-15.45253;-0.06348892;1.394124;-0.3378448
1584853153;606075;57.709723567;11.918290562;45.478493472;-5.600479;1.032663;0.03485699;-1.0955561244;-2.2629681444;352.49887287;5.694889;-0.3211444;-0.320397;-14.70903;0.2415224;1.489845;0.2894967
1584853153;656002;57.709721123;11.918291294;45.475262993;-5.592514;1.091242;0.04040281;-1.0706654795;-2.2659002426;351.78640982;5.697984;-0.03638219;0.226519;-14.05102;0.0109391;1.413537;-0.07794885
1584853153;705925;57.709718682;11.918292076;45.471970328;-5.587165;1.145944;0.03888664;-1.0428856978;-2.261321994;351.09875521;5.703473;-0.1538226;0.002480537;-13.43642;0.01555607;1.409423;0.1462552
1584853153;755995;57.709716243;11.918292909;45.46860623;-5.579986;1.211708;0.04546701;-1.0152553606;-2.2545936378;350.4285804;5.710033;-0.278379;0.5783442;-13.3889;0.1174306;1.244021;-0.05654298
1584853153;806009;57.709713808;11.918293795;45.4652198;-5.573655;1.266293;0.04864023;-1.0160487234;-2.240856786;349.76532987;5.715691;-0.05203555;0.7741886;-13.22875;-0.0796978;0.8943834;-0.09784662
1584853153;856010;57.709711375;11.918294732;45.461783253;-5.563547;1.330224;0.04065546;-1.012514887;-2.2281054372;349.09264352;5.720363;-0.6012883;0.3144362;-13.45714;0.1308454;1.280737;0.02610543
1584853153;906018;57.709708947;11.918295724;45.458411619;-5.554601;1.397577;0.0487671;-1.0096413852;-2.2184908381;348.41739597;5.727723;-0.8775508;0.5412431;-13.26454;0.01653341;1.386642;0.2265952
1584853153;955997;57.709706523;11.918296775;45.454807099;-5.544267;1.468028;0.04846471;-1.0417087321;-2.2097129608;347.75008511;5.73533;-1.597051;0.3297842;-13.20216;-0.03703598;1.483917;-0.01980372
1584853154;6181;57.709704105;11.918297869;45.451228957;-5.534296;1.528498;0.05139126;-1.0961627435;-2.2001691838;347.09718865;5.741493;-1.19699;0.6253351;-13.01901;0.1351694;1.264173;0.3215397
1584853154;56024;57.709701708;11.918298905;45.447559791;-5.52691;1.575951;0.05942343;-1.1269506734;-2.1733309863;346.46228576;5.747205;-0.6055014;1.058382;-12.15497;0.09666933;1.234632;0.2588094
1584853154;105991;57.709699314;11.918299985;45.443675767;-5.520338;1.626032;0.05737986;-1.1324052738;-2.1424054069;345.85004266;5.754834;0.1090219;0.7811517;-11.97427;-0.03129517;0.8461399;-0.1315667
1584853154;156046;57.709696922;11.918301107;45.439885427;-5.515849;1.676344;0.05265064;-1.1291188464;-2.1203336838;345.26747465;5.764956;-0.4276256;0.3529153;-11.33767;0.2951924;1.116931;0.2396967
1584853154;206006;57.709694531;11.918302264;45.435853873;-5.511588;1.716532;0.06433524;-1.0792473347;-2.0884123038;344.72607423;5.772702;1.424292;0.9294958;-10.7817;-0.004037928;1.081012;0.11717
1584853154;256010;57.709692142;11.918303454;45.431528235;-5.51092;1.752893;0.07065883;-0.96175282559;-2.0456332014;344.22676564;5.782981;2.491204;1.177791;-9.573331;0.1133031;1.236462;0.05432306
1584853154;306026;57.709689754;11.918304683;45.427110634;-5.506916;1.792969;0.06936029;-0.81889299429;-2.0015638376;343.76803742;5.791447;2.865459;0.975587;-8.480271;0.349654;0.7284294;0.02883749
1584853154;356005;57.709687366;11.918305938;45.422444295;-5.507494;1.818321;0.07335835;-0.63019115868;-1.9378464004;343.36369529;5.799895;4.272681;1.351246;-7.691669;0.1995403;0.903194;0.1298852
1584853154;406025;57.709684977;11.918307214;45.417718769;-5.51448;1.835002;0.07830264;-0.42527210175;-1.8662842939;343.00685042;5.811775;3.608994;1.699671;-6.345766;0.3472109;0.3539239;0.009189508
1584853154;456058;57.709682583;11.918308498;45.412559995;-5.523337;1.838216;0.08980583;-0.24273408309;-1.7775986232;342.71827634;5.821194;3.497885;2.002741;-5.354155;0.2553834;0.2294229;0.06874473
1584853154;506020;57.709680184;11.918309785;45.406924775;-5.536337;1.837967;0.09591729;-0.10086409094;-1.6812355108;342.48124317;5.833451;2.067742;1.90747;-4.292713;0.3570201;-0.07865532;0.3077672
1584853154;556040;57.709677778;11.918311067;45.400877119;-5.551141;1.825509;0.1065019;-0.032683536418;-1.5843422863;342.30318857;5.843599;0.6818767;1.971937;-3.1557;0.1203196;-0.1709638;0.1485141
1584853154;606056;57.709675365;11.918312337;45.394750052;-5.568078;1.805422;0.09555421;-0.028981606705;-1.5036724261;342.17263648;5.853464;-0.939415;1.120855;-2.106681;0.1840806;-0.280241;-0.003442053
1584853154;656076;57.709672944;11.91831359;45.389061521;-5.584981;1.783986;0.09203849;-0.087656792762;-1.4549989654;342.09342009;5.862988;-1.496649;0.7241345;-1.185029;0.3085095;-0.3330872;0.3074274
1584853154;705971;57.709670516;11.918314823;45.384061241;-5.604372;1.749554;0.07386554;-0.19318739389;-1.4475687911;342.06931704;5.871109;-1.83962;-0.1506367;0.2859026;0.2920276;-0.3434171;-0.0506346
1584853154;755979;57.709668076;11.918316032;45.379623331;-5.625659;1.72854;0.0747321;-0.25808056961;-1.4789524333;342.10705678;5.885226;-0.6087521;-0.5981054;1.136797;0.2697292;-0.1344107;0.1430438
1584853154;806199;57.709665628;11.918317226;45.374897157;-5.644418;1.712159;0.07777543;-0.28109651327;-1.5195304819;342.20335427;5.898385;-0.2105936;-1.060959;2.38051;0.2329951;-0.2360826;0.267656
1584853154;856007;57.709663172;11.918318408;45.369259087;-5.66181;1.699494;0.1074011;-0.24692058448;-1.5666832514;342.35352981;5.911376;1.37829;-0.7982521;3.234363;0.1851234;-0.02229074;0.3380394
1584853154;905987;57.709660708;11.91831958;45.362757891;-5.678715;1.679177;0.1136035;-0.18857168795;-1.6111672667;342.54387252;5.921777;1.261064;-1.142656;3.988808;0.2393022;-0.5449932;0.4715011
1584853154;955990;57.709658233;11.918320727;45.355580348;-5.704628;1.637299;0.1337807;-0.10265305919;-1.6675043897;342.77177047;5.934941;2.210943;-1.111749;4.94207;0.3938074;-0.7856962;0.2701075
1584853155;6265;57.709655744;11.918321809;45.34765309;-5.724605;1.598998;0.1452644;-0.042577355808;-1.7355950176;343.02919696;5.943727;1.829105;-1.057655;5.326615;-0.005246538;-0.8255209;-0.1079593
1584853155;55975;57.7096532;11.918322545;45.338665499;-5.745611;1.556975;0.1440718;0.0007591550913;-1.8005004573;343.32246826;5.952833;0.2716459;-1.088581;5.922421;0.1738674;-0.7981293;-0.02088923
1584853155;105980;57.709650648;11.918323246;45.330024659;-5.76543;1.503688;0.1319862;-0.0223227338;-1.8470663646;343.64016593;5.958293;-0.2221951;-0.494303;6.487917;0.0650121;-1.166549;-0.5201142
1584853155;156015;57.709648088;11.918323907;45.322363328;-5.78177;1.453989;0.09956151;-0.106472707;-1.8711550408;343.97319733;5.961791;-2.540793;-0.5686535;6.541763;0.02962883;-1.032685;-0.5064555
1584853155;206018;57.709645519;11.918324522;45.315516658;-5.803305;1.392526;0.09304518;-0.21082257179;-1.8439207824;344.3155629;5.968038;-2.355585;0.9151319;6.80469;0.110402;-1.11876;-0.4309595
1584853155;256109;57.70964294;11.918325099;45.308972424;-5.825305;1.347092;0.09334574;-0.33500203307;-1.7802310926;344.66695151;5.979033;-2.870759;1.46884;7.092126;-0.001255216;-0.9741872;-0.1263726
1584853155;306074;57.709640352;11.918325641;45.30251939;-5.850074;1.301332;0.09205402;-0.48533501361;-1.7135204739;345.03818886;5.993065;-2.77152;1.000695;7.654592;0.2783624;-0.6365796;0.3026527
1584853155;356001;57.709637753;11.918326152;45.295723145;-5.872292;1.26381;0.1042734;-0.62627761289;-1.6565408116;345.42544634;6.006748;-2.844269;0.9324847;7.944239;0.1595964;-0.6427382;0.139412
1584853155;406019;57.709635144;11.918326631;45.28854385;-5.896089;1.215101;0.1060161;-0.79733120131;-1.5998920006;345.83319138;6.019994;-2.900988;0.8168326;8.202535;0.3932987;-0.9745414;0.1690067
1584853155;456047;57.709632524;11.918327068;45.280983383;-5.921183;1.157965;0.1237378;-0.88387381419;-1.5316765993;346.24558011;6.033349;-0.05881085;1.570953;8.32307;0.4675692;-0.7881776;0.3416597
1584853155;506014;57.709629894;11.918327472;45.272502494;-5.941863;1.126085;0.1425052;-0.88518779123;-1.4482021321;346.6470454;6.047628;-0.06904126;1.753064;8.147652;0.441464;-0.4955486;0.5033675
1584853155;556082;57.709627254;11.91832785;45.263284416;-5.960923;1.082839;0.1530736;-0.90584534982;-1.3522293131;347.06602002;6.058476;0.1389543;2.15582;8.744047;0.151254;-0.9071721;-0.08475552
1584853155;606038;57.709624605;11.918328195;45.253983319;-5.987132;1.037926;0.1512033;-0.9015629415;-1.2618441467;347.49077504;6.076433;0.8879564;1.640292;8.526425;0.3143326;-0.9402418;0.1270769
1584853155;656019;57.709621944;11.918328499;45.244453117;-6.013664;0.9881871;0.1539916;-0.82057310942;-1.1789485463;347.92015331;6.094315;1.885209;1.357571;8.534582;0.3690878;-0.798375;0.2398411
1584853155;705962;57.709619271;11.918328768;45.234950006;-6.037685;0.942125;0.1532057;-0.72730392641;-1.1232250891;348.35702999;6.110748;1.900041;0.7993987;8.785592;0.2467641;-0.9710633;0.04638977
1584853155;756005;57.709616589;11.918329004;45.225757634;-6.057057;0.8958051;0.1426699;-0.69373698133;-1.114626147;348.79794507;6.122941;0.2702002;-0.1873239;8.875913;0.01407549;-1.091562;-0.08555106
1584853155;806145;57.7096139;11.918329195;45.217367732;-6.068627;0.8354948;0.1217265;-0.70380987534;-1.1375869656;349.24830446;6.125871;-0.3216633;-0.7374807;8.823408;-0.0253263;-1.220136;-0.3876903
1584853155;856030;57.709611206;11.918329339;45.209814613;-6.077421;0.7674529;0.1089986;-0.75269301828;-1.1910928587;349.69831183;6.125687;-0.9745329;-1.382544;9.109269;-0.1007636;-1.199875;0.07613877
1584853155;906084;57.709608509;11.918329429;45.202661362;-6.088355;0.7026727;0.1070248;-0.80032916302;-1.2714579807;350.15603051;6.128769;-0.1859398;-1.936187;9.350428;-0.06056079;-0.9872973;0.09892659
1584853155;956014;57.709605807;11.918329476;45.195578095;-6.09548;0.6520612;0.105625;-0.83264906805;-1.387091131;350.62438972;6.130259;-0.200592;-2.786882;9.512028;-0.09532246;-0.9203396;0.276064
1584853156;6277;57.709603105;11.918329542;45.188604295;-6.105376;0.6034544;0.1086428;-0.86489991986;-1.5377516777;351.10821529;6.135127;-0.982296;-3.32586;9.606658;0.1628292;-0.9639364;0.05557804
1584853156;56040;57.709600426;11.918330096;45.183648737;-6.115908;0.5493282;0.1166471;-0.88246598429;-1.686210665;351.58862328;6.140529;0.5238696;-3.167295;9.590828;0.1982342;-1.226257;0.05576209
1584853156;106015;57.709597741;11.918330609;45.178440303;-6.125854;0.506077;0.1229058;-0.86178099038;-1.85023794;352.06655462;6.146722;0.6694648;-3.366434;9.539979;0.02404229;-0.9439002;-0.03722654
1584853156;156009;57.709595053;11.918331087;45.173220097;-6.130457;0.4649429;0.1130017;-0.82819458638;-2.0075230957;352.54345055;6.148063;1.034433;-3.194791;9.627567;0.09637221;-0.6724494;-0.2154275
1584853156;206011;57.709592364;11.918331526;45.168582078;-6.12932;0.4181684;0.09618332;-0.79375619336;-2.1382704122;353.01796317;6.143568;0.9548781;-2.609372;9.529024;-0.03891945;-0.9319587;-0.5381097
1584853156;256017;57.709589675;11.918331923;45.164897926;-6.124262;0.3675025;0.07744577;-0.75465030358;-2.2381826711;353.48586658;6.135279;0.8761126;-1.818766;9.207074;-0.2082019;-1.11255;-0.5903988
1584853156;306094;57.709586989;11.918332272;45.162380543;-6.119091;0.3100567;0.05358673;-0.70185286291;-2.3095316302;353.95271621;6.126941;1.81623;-1.221784;9.214296;-0.1530405;-1.189219;-0.6104305
1584853156;355994;57.709584305;11.918332577;45.161098247;-6.114837;0.2589808;0.02760368;-0.65455720001;-2.3599311471;354.41677391;6.120318;1.462237;-1.02532;9.274757;-0.1396393;-1.101768;-0.5665897
1584853156;405982;57.709581622;11.918332839;45.160944896;-6.11208;0.2137732;0.005179169;-0.62805702394;-2.3974764171;354.87952054;6.115817;0.569266;-1.020842;9.123396;0.008504508;-0.959384;-0.265627
1584853156;456010;57.70957894;11.918333059;45.161701362;-6.112103;0.1612954;-0.003924272;-0.60370654996;-2.4475466039;355.33741076;6.114231;0.964182;-1.190544;9.106507;-0.3206205;-1.132018;-0.201526
1584853156;506010;57.709576257;11.91833324;45.163038522;-6.110677;0.1205736;-0.01640072;-0.61562149979;-2.5313325001;355.79275068;6.111866;-0.7180076;-2.059159;9.007791;-0.01504929;-0.9777903;0.0884134
1584853156;556003;57.709573574;11.918333379;45.164395606;-6.110797;0.06448882;-0.008196415;-0.64900547786;-2.628331563;356.24223348;6.111137;0.2533266;-2.006719;8.903481;-0.08157586;-1.158091;0.08073149
1584853156;606064;57.709570891;11.918333474;45.165604999;-6.109455;0.01892468;-0.01232026;-0.67031793738;-2.7343374557;356.68636467;6.109484;0.01706884;-2.386709;8.705233;0.01918974;-0.9579605;-0.06892385
1584853156;655982;57.709568208;11.91833353;45.166921178;-6.107938;-0.02533951;-0.01959139;-0.68862791333;-2.8351988615;357.12717675;6.107991;0.1364779;-2.296395;8.662345;-0.0466988;-0.9576141;-0.2969288
1584853156;705942;57.709565526;11.918333553;45.168797678;-6.106892;-0.05806229;-0.03071314;-0.70678002735;-2.9498526155;357.55698488;6.107168;-0.4100223;-2.59498;8.343076;-0.07954308;-0.7355016;-0.2282847
1584853156;756061;57.709562843;11.918333544;45.171177885;-6.10512;-0.1005904;-0.03389399;-0.70714905407;-3.0677140977;357.97326969;6.105948;1.0431;-2.197701;8.216537;-0.04506603;-0.8341219;-0.1956875
1584853156;806045;57.709560162;11.918333505;45.174068887;-6.100316;-0.1278456;-0.04955853;-0.69139794399;-3.1860606899;358.36666649;6.101655;0.3392323;-2.574276;7.642625;-0.2021679;-0.6204968;-0.1529026
1584853156;856029;57.709557483;11.91833344;45.177417184;-6.096412;-0.1576904;-0.06004414;-0.69321497853;-3.3022373699;358.74963407;6.098451;0.1105045;-2.482588;7.434327;-0.04090879;-0.5315458;-0.224268
1584853156;906020;57.709554807;11.918333349;45.181435751;-6.088444;-0.188297;-0.07705729;-0.6826150345;-3.4061762988;359.10977273;6.091355;0.7408407;-2.08374;6.886369;-0.1671188;-0.6880127;-0.614565
1584853156;956027;57.709552132;11.918333233;45.186682876;-6.084751;-0.216114;-0.09631445;-0.6730794335;-3.5099690237;359.45104385;6.088587;0.4324259;-1.870404;6.592779;0.01217994;-0.6531053;-0.101104
1584853157;6277;57.709549458;11.918333114;45.192410887;-6.080601;-0.2438947;-0.09835488;-0.66708937478;-3.6013442485;359.77398555;6.08549;-0.2930174;-1.618952;6.291808;-0.09615158;-0.7486276;-0.00664507
1584853157;55964;57.709546774;11.918333183;45.19797626;-6.077182;-0.2703047;-0.09352488;-0.68597999492;-3.6883353226;0.075158765623;6.083191;0.1944804;-1.489728;5.739839;-0.1654284;-0.6947029;-0.02678414
1584853157;106050;57.709544093;11.918333232;45.20334211;-6.07178;-0.2904604;-0.09178419;-0.72528420984;-3.7614396888;0.35437419005;6.078723;-0.4325444;-1.318865;5.339197;-0.1475678;-0.5689542;0.04137169
1584853157;156021;57.709541415;11.918333264;45.208648482;-6.065848;-0.3029945;-0.1025258;-0.76319601051;-3.813992583;0.60400351365;6.073411;-1.265926;-1.358929;4.886451;-0.08457568;-0.3838277;-0.2051564
1584853157;206040;57.709538739;11.918333286;45.214260287;-6.059239;-0.3104469;-0.1028688;-0.84281688626;-3.8513436316;0.83013526892;6.067187;-1.70366;-0.5815986;4.363196;-0.1263425;-0.3529213;-0.3352483
1584853157;256092;57.709536064;11.918333299;45.220206629;-6.057118;-0.3178249;-0.1051352;-0.94174724981;-3.8726010985;1.0313871019;6.065451;-1.874754;-0.2203953;3.626745;-0.07987532;-0.5054232;-0.07443337
1584853157;306000;57.709533391;11.918333301;45.226080386;-6.05429;-0.3317048;-0.1057684;-1.0191445948;-3.8714485289;1.2030676814;6.063371;-0.952401;0.02673284;3.291372;0.0698873;-0.1839695;-0.02946966
1584853157;356018;57.70953072;11.918333298;45.23165305;-6.048954;-0.3247144;-0.09959698;-1.0550721733;-3.8322240914;1.3434938206;6.057663;-0.6924999;0.815545;2.446126;-0.08149689;0.02853572;-0.03802969
1584853157;406067;57.709528051;11.918333295;45.237312487;-6.039235;-0.327305;-0.1005874;-1.0800421025;-3.7683917929;1.466627207;6.048098;0.3854865;1.770055;2.452139;-0.01473039;-0.003215067;-0.3269626
1584853157;456072;57.709525386;11.918333294;45.243418448;-6.035409;-0.3168634;-0.1120695;-1.0890425714;-3.6941216472;1.5675701043;6.043722;0.03812245;1.366974;1.753774;-0.1842393;-0.1471852;0.02619315
1584853157;506124;57.709522721;11.918333294;45.249675349;-6.033714;-0.3192592;-0.1132115;-1.0911966097;-3.6333527645;1.6513231719;6.042154;-0.1088097;1.068434;1.688226;-0.001671445;-0.09229965;0.06994346
1584853157;556035;57.709520057;11.918333293;45.256078457;-6.031336;-0.3179686;-0.1119215;-1.1002447685;-3.589860553;1.7231774511;6.039712;-0.0567424;0.9031733;1.521908;0.03906846;0.01574913;0.2065404
1584853157;606080;57.709517394;11.91833329;45.262486809;-6.028248;-0.3195117;-0.1158717;-1.1195849052;-3.5632141625;1.7799899088;6.036709;-0.4487479;0.4286309;1.13805;-0.1777301;-0.2426316;-0.06206823
1584853157;656062;57.709514731;11.918333283;45.268867236;-6.025529;-0.3208629;-0.1123343;-1.1638795504;-3.5472317596;1.8260925352;6.034066;-0.9839911;0.3492989;0.9777488;-0.2862857;-0.1874086;-0.003923138
1584853157;705981;57.709512071;11.918333273;45.275185794;-6.022558;-0.3167832;-0.1163115;-1.2418965242;-3.5354570977;1.8625308477;6.030883;-2.417317;-0.09399892;0.6708396;-0.02788526;0.04705391;0.1107843
1584853157;756006;57.709509411;11.91833326;45.281130116;-6.020053;-0.3270147;-0.09167754;-1.334333132;-3.5323313524;1.8965681108;6.028929;-0.6484241;0.4091872;0.7608048;-0.1233013;-0.1494595;0.3706726
1584853157;806023;57.709506751;11.918333241;45.286418726;-6.020213;-0.3217478;-0.08975026;-1.3903710726;-3.540442298;1.9271626083;6.028804;-1.016123;-0.4264342;0.4977846;-0.1042751;0.1337825;0.2899859
1584853157;856008;57.709504091;11.918333224;45.291209009;-6.019584;-0.315964;-0.08476362;-1.4128086413;-3.5629953166;1.9500888934;6.02787;-0.9051288;-0.8229648;0.4892713;0.005488926;0.2324979;-0.02123929
1584853157;906036;57.709501432;11.918333213;45.295839954;-6.018119;-0.3065059;-0.07703602;-1.4356948677;-3.5917474542;1.967627262;6.025919;0.06690124;-0.4277421;0.3918701;-0.04763325;0.1135008;-0.005175417
1584853157;956020;57.709498773;11.918333208;45.300529109;-6.014935;-0.3000627;-0.08546487;-1.4484880513;-3.6106843376;1.9831551243;6.022414;0.05419429;-0.2693777;0.3067756;-0.1064307;-0.08548922;-0.3463604
1584853158;6233;57.709496112;11.918333196;45.305414677;-6.013992;-0.2941601;-0.0875141;-1.4267993434;-3.6173280039;1.9927231438;6.021182;0.3545429;0.04488312;0.09772576;0.06028429;0.1478184;-0.09676982
1584853158;56008;57.709493425;11.918333132;45.309645497;-6.011091;-0.2901195;-0.08669932;-1.3912528315;-3.5992181538;2.0019379982;6.018088;0.8480841;0.5292736;0.0697307;-0.04195637;0.08617877;-0.1940824
1584853158;106056;57.709490739;11.918333071;45.313935867;-6.009977;-0.2872126;-0.08706758;-1.3862338904;-3.569042181;2.015964796;6.016836;-0.4560073;0.6294042;0.2129682;-0.1325702;-0.08196;-0.03788129
1584853158;156032;57.709488053;11.918333008;45.318159594;-6.009018;-0.2923733;-0.08565363;-1.3906374789;-3.5331830116;2.02903511;6.016127;0.05904196;0.8450298;0.2021955;0.1899172;-0.1854299;-0.006584964
1584853158;206019;57.709485368;11.918332941;45.322385703;-6.007505;-0.2934402;-0.08470926;-1.3821654731;-3.4897727913;2.0287640322;6.014668;0.4747289;1.016298;-0.2532702;-0.03370044;-0.2154782;-0.1332231
1584853158;256077;57.709482682;11.918332874;45.32667569;-6.010431;-0.2850623;-0.08598074;-1.3899918635;-3.4599641672;2.018470564;6.017187;-0.5889395;0.3970712;-0.3661548;0.01521239;0.2018518;0.1931198
1584853158;306064;57.709479996;11.918332813;45.330682983;-6.011642;-0.2787116;-0.07952743;-1.4335777979;-3.4353377402;2.0059728073;6.018099;-1.3567;0.5673501;-0.2384671;-0.05710765;0.0896102;0.02544343
1584853158;356076;57.709477309;11.918332757;45.334538133;-6.011372;-0.2743397;-0.07669272;-1.4937138226;-3.4016472033;1.9900317214;6.017629;-0.8570743;0.8232498;-0.3915274;-0.0422527;0.04928476;-0.05817655
1584853158;406056;57.709474623;11.918332702;45.338179341;-6.012481;-0.2656522;-0.06769502;-1.519066285;-3.3600891675;1.9679926317;6.018347;-0.1536268;1.047524;-0.6609548;0.04539996;0.2178543;0.1630107
1584853158;456072;57.709471936;11.918332654;45.341352273;-6.011948;-0.2565576;-0.06190226;-1.519046744;-3.3072076744;1.9430772629;6.017419;-0.1616287;1.103902;-0.5205715;-0.07762253;0.2073372;0.07847388
1584853158;506018;57.709469248;11.918332614;45.344233092;-6.01552;-0.2472119;-0.05368055;-1.5160462513;-3.2601251171;1.9171138829;6.020597;0.08051001;0.8580124;-0.5110278;-0.01240728;0.04921104;0.2704564
1584853158;556011;57.70946656;11.91833258;45.346741616;-6.016994;-0.2403034;-0.05437572;-1.5022554624;-3.2138380786;1.88528829;6.021791;0.04351704;0.7274244;-0.5897075;0.03756446;0.02812474;-0.09567489
1584853158;606084;57.70946387;11.918332549;45.349201934;-6.020975;-0.2355966;-0.04866651;-1.4618761679;-3.1753644684;1.8455516538;6.025583;0.927812;0.6349618;-0.7523934;-0.09168737;0.2599224;0.05859789
1584853158;656021;57.709461179;11.918332523;45.351821653;-6.022086;-0.2256515;-0.06145912;-1.4298340599;-3.1521615461;1.807052031;6.026312;0.4856387;0.1307858;-0.7307023;0.05892772;0.01576024;-0.0646944
1584853158;705936;57.709458487;11.918332504;45.354694553;-6.023719;-0.2191201;-0.06031952;-1.4111270829;-3.1313096151;1.7711130845;6.027703;0.2433694;0.4320907;-0.5539008;0.08591953;0.1162915;-0.09744149
1584853158;756118;57.709455795;11.918332487;45.357519393;-6.025576;-0.2131992;-0.0565682;-1.3900525023;-3.1022982979;1.7360849325;6.029346;0.6714904;0.6506841;-0.6972663;0.2720709;0.2137312;0.1140907
1584853158;806041;57.709453101;11.918332474;45.359975239;-6.029187;-0.2085387;-0.03908576;-1.3403897667;-3.0658805194;1.6959184889;6.032792;1.118175;1.17008;-0.7148573;-0.09401554;0.09304839;0.2062046
1584853158;856033;57.709450405;11.918332465;45.36182684;-6.03492;-0.2009229;-0.03209793;-1.2802934546;-3.0284716988;1.6544993347;6.038264;1.28575;0.7506797;-0.6942666;0.141171;0.2251024;0.2979585
1584853158;906086;57.709447707;11.918332462;45.363132768;-6.040174;-0.1912717;-0.02357823;-1.2178852657;-2.996389397;1.6118802508;6.043202;0.7698711;0.4972531;-0.6542298;0.0734179;0.01622543;0.141938
1584853158;956057;57.709445006;11.918332464;45.363742421;-6.04853;-0.1869181;-0.002185681;-1.1871423935;-2.960562192;1.5760267992;6.051417;0.2912001;0.9601547;-0.5459656;0.2423436;0.1072592;0.4106459
1584853159;6345;57.709442302;11.918332449;45.363170873;-6.052062;-0.1818623;0.01217467;-1.1842698785;-2.8935245436;1.5403172595;6.054794;-0.2532178;1.433622;-0.7410874;-0.04278418;-0.05700878;-0.07515099
1584853159;55957;57.709439599;11.918332262;45.361621897;-6.058858;-0.1845606;0.01327011;-1.1906921225;-2.8197626659;1.5055499172;6.061668;-0.04654637;1.579184;-0.7131643;0.2188245;0.004820357;0.01505928
1584853159;106010;57.709436893;11.918332074;45.360481713;-6.066289;-0.1825856;-0.006193806;-1.1839828236;-2.7485268007;1.4652066092;6.069036;-0.1832464;1.165797;-0.8909088;0.2184563;-0.06357849;-0.332931
1584853159;156001;57.709434188;11.918331891;45.360811537;-6.039231;-0.1750035;-0.06267001;-1.2062062305;-2.7055891622;1.4273959923;6.041766;-1.229303;-0.3037412;-0.8502651;-0.957022;-0.07567237;-1.241656
1584853159;206033;57.709431491;11.91833171;45.366271464;-6.048132;-0.1866044;-0.1741333;-1.295863297;-2.866779722;1.4071519244;6.05101;-0.9709373;-5.057995;-0.09431567;-0.1856524;0.05563041;-0.8801469
1584853159;256097;57.709428796;11.918331518;45.378001371;-6.028594;-0.1851146;-0.3348632;-1.1780256155;-3.2774068704;1.3853912149;6.031436;4.110985;-11.69761;-1.143885;-0.3046938;0.44363;-1.050496
1584853159;306028;57.709426101;11.918331341;45.395574773;-6.030682;-0.1520306;-0.4040747;-0.95869141762;-3.9389341308;1.3458410758;6.032598;2.739603;-14.78644;-0.8752378;-0.9137682;0.69714;-0.675662
1584853159;356056;57.709423407;11.9183312;45.415514014;-6.040296;-0.115695;-0.3963023;-0.93708278303;-4.7332845403;1.3264379151;6.041403;-0.2585347;-15.16098;-0.7761926;0.3871351;0.1340875;0.6217458
1584853159;406088;57.709420712;11.918331066;45.433353145;-6.034764;-0.1379731;-0.3466604;-0.94931344146;-5.4536593731;1.3011774256;6.036341;0.710882;-13.83948;-0.6348895;0.3593285;-0.5628681;1.107395
1584853159;456062;57.709418011;11.918330909;45.446782123;-6.062679;-0.1623985;-0.2244108;-0.88419908551;-6.0598037744;1.2662361487;6.064854;1.923935;-10.44292;-0.7937496;0.3280567;-0.4023467;1.331286
1584853159;506058;57.709415298;11.918330746;45.453551895;-6.094033;-0.1542221;-0.09337626;-0.80561195278;-6.4770404753;1.2177731749;6.095984;0.5928759;-6.410192;-1.039212;0.8619526;0.1719285;1.012428
1584853159;556048;57.70941257;11.918330589;45.456270987;-6.124198;-0.1426097;-0.03482155;-0.78642140014;-6.7552986669;1.1862373015;6.125859;0.3476013;-4.02519;-0.6509123;0.4244935;0.068607;0.4147634
1584853159;606052;57.709409833;11.918330442;45.456228962;-6.128783;-0.1385714;-0.02093897;-0.85299561563;-6.9023845114;1.1654107031;6.13035;-1.546117;-2.573421;-0.6691964;-0.1324852;-0.4487808;-1.016002
1584853159;656140;57.709407106;11.918330294;45.456668185;-6.089065;-0.1484545;-0.06221534;-0.96496770948;-6.8610799292;1.1274409038;6.090874;-2.653914;3.325672;-0.6446749;0.2894406;-0.223003;-3.130346
1584853159;706014;57.709404399;11.918330131;45.461221211;-6.035782;-0.1575913;-0.1713928;-0.98639154957;-6.5437711247;1.0803217294;6.037839;0.1805851;8.998419;-0.8409901;-0.5503812;0.7684605;-4.441378
1584853159;756008;57.709401713;11.918329975;45.472483256;-6.002845;-0.1376579;-0.3024674;-0.94310534178;-5.9734586396;1.0230368802;6.004423;0.7773032;13.80947;-0.5840265;0.7092711;0.6217679;-3.206188
1584853159;806076;57.709399043;11.918329841;45.489009543;-5.970262;-0.1073451;-0.3780297;-0.99078360389;-5.2140861164;0.99293250222;5.971227;-1.883385;16.85943;-0.2590488;-0.8903236;0.53556;-1.776764
1584853159;856019;57.709396375;11.918329724;45.509250284;-5.979081;-0.1002401;-0.4348043;-1.1040389439;-4.5160265457;0.97197245927;5.979921;-3.12618;12.51867;-0.4675478;0.8229948;-0.06273384;1.782157
1584853159;906168;57.7093937;11.918329594;45.529521031;-6.004367;-0.1354492;-0.3915838;-1.0704945339;-3.9584962279;0.93809856458;6.005895;4.18327;10.45325;-0.4603478;0.005509919;-0.4938527;1.670264
1584853159;956016;57.709391009;11.918329461;45.547759568;-6.046831;-0.1102198;-0.3427556;-0.97301713025;-3.6367551075;0.89317497578;6.047835;1.431704;2.823688;-1.158195;-0.3057375;0.2378424;4.143516
1584853160;6351;57.709388301;11.918329332;45.560861694;-6.072778;-0.09120806;-0.2486513;-0.86079220358;-3.5444913466;0.84671208663;6.073462;-0.2804328;-0.1991128;-0.8456829;-0.5522057;1.04204;2.308223
1584853160;56096;57.709385579;11.918329154;45.570722617;-6.094556;-0.07519815;-0.1584841;-0.82749552007;-3.5492470464;0.81235551231;6.09502;-1.8176;-1.354956;-0.6848087;0.7473162;0.4816449;2.204103
1584853160;106037;57.709382851;11.91832898;45.576084281;-6.099833;-0.08268765;-0.04461236;-0.84559033797;-3.5618537048;0.78125727238;6.100393;-0.1490642;1.07211;-0.925231;0.1245544;-0.2405703;1.322992
1584853160;156105;57.709380118;11.918328798;45.577349701;-6.118062;-0.09613193;0.005710615;-0.90236182275;-3.5343675726;0.75336410729;6.118817;-2.15224;0.6232988;-0.7645185;0.5427454;-0.2702646;1.051428
1584853160;206021;57.709377377;11.918328607;45.575525715;-6.134824;-0.1053584;0.06182586;-0.97843751192;-3.4291354672;0.72015207513;6.135729;-1.743684;3.197736;-0.9100639;0.5203339;-0.07307203;0.1420132
1584853160;256057;57.709374628;11.918328412;45.572157359;-6.149784;-0.1121299;0.07708545;-1.0579676627;-3.2127780703;0.67779346164;6.150806;-1.869449;5.754285;-0.7133992;0.3831047;-0.1805486;-0.6402194
1584853160;306036;57.709371874;11.918328222;45.568596321;-6.160737;-0.1034835;0.06802138;-1.1326712802;-2.8579918271;0.62825165492;6.161606;-1.047889;8.101338;-0.8170249;0.3365969;0.1751735;-0.7519981
1584853160;356038;57.709369114;11.91832804;45.565491259;-6.172945;-0.09023062;0.05810259;-1.1784494969;-2.4007818451;0.58081858258;6.173605;-0.9687704;9.680327;-0.6088069;0.5091725;0.3773262;-0.4591915
1584853160;406077;57.709366348;11.918327869;45.562767493;-6.192606;-0.07619568;0.06331145;-1.189920333;-1.910479443;0.54281098236;6.193075;0.6627885;9.877833;-0.4618736;0.3448132;0.3364585;0.184779
1584853160;456030;57.70936357;11.918327713;45.560081402;-6.218312;-0.06344;0.06077299;-1.1722880181;-1.475884982;0.51099724774;6.218636;1.091949;8.19407;-0.3747206;0.5863419;0.2226763;0.3927575
