sampleTimeStamp.seconds;sampleTimeStamp.microseconds;x;y;speed;turning_angle;accel_x;accel_y
0;0;3.670745666661675e-18;0.05994782608695652;5.0;1.5707963267948966;4.7932544455909526e-30;0.11130434782614884
0;4000;4.896457376069157e-18;0.07996521739130434;5.004347826086956;1.5707963267948966;-5.783182437005992e-30;0.1113043478260245
0;8000;6.123233995736766e-18;0.09999999999999999;5.008695652173913;1.5707963267948966;2.617723980411131e-30;0.11130434782611331
0;12000;7.351075525664505e-18;0.12005217391304347;5.01304347826087;1.5707963267948966;-2.3141974211757026e-30;0.11130434782611331
0;16000;8.57998196585237e-18;0.14012173913043477;5.017391304347826;1.5707963267948966;2.1100488470706556e-30;0.1113043478260245
0;20000;9.809953316300364e-18;0.1602086956521739;5.021739130434782;1.5707963267948966;3.1246287417738514e-30;0.11130434782620213
0;24000;1.1040989577008486e-17;0.18031304347826088;5.026086956521739;1.5707963267948966;7.54425277815368e-30;0.11130434782611331
0;28000;1.2273090747976736e-17;0.20043478260869566;5.030434782608696;1.5707963267948966;-1.3200323838830115e-29;0.11130434782593568
0;32000;1.3506256829205115e-17;0.22057391304347826;5.034782608695652;1.5707963267948966;-2.3126566772201928e-30;0.11130434782611331
0;36000;1.4740487820693623e-17;0.2407304347826087;5.039130434782609;1.5707963267948966;-2.3095751893091732e-30;0.11130434782611331
0;40000;1.5975783722442257e-17;0.26090434782608696;5.043478260869565;1.5707963267948966;7.552726869908984e-30;0.11130434782611331
0;44000;1.721214453445102e-17;0.281095652173913;5.047826086956522;1.5707963267948966;-1.3191079375097056e-29;0.11130434782593568
0;48000;1.844957025671991e-17;0.30130434782608695;5.052173913043478;1.5707963267948966;2.829576274293727e-29;0.11130434782629095
0;52000;1.9688060889248928e-17;0.3215304347826087;5.056521739130435;1.5707963267948966;-1.3204946070696644e-29;0.11130434782593568
0;56000;2.0927616432038075e-17;0.34177391304347826;5.060869565217391;1.5707963267948966;8.560373416812386e-30;0.11130434782629095
0;60000;2.216823688508735e-17;0.36203478260869565;5.065217391304348;1.5707963267948966;-1.3200323838830115e-29;0.11130434782593568
0;64000;0.00010864543201370752;0.38231275242976603;5.069565217391304;1.5654385718817976;-0.6953307648875782;0.10944163745918449
0;68000;0.0003261195304493246;0.40260723941961063;5.073913043478261;1.5600808169686988;-0.6959271034509162;0.10944003993787413
0;72000;0.0006526023977131459;0.4229176590186022;5.078260869565217;1.5547230620555998;-0.6965234420143155;0.10943844241576964
0;76000;0.0010882709936904035;0.4432434252114025;5.082608695652174;1.549365307142501;-0.6971197805776588;0.10943684489384527
0;80000;0.0016332991253168504;0.46358395054387025;5.086956521739131;1.5440075522294021;-0.6977161191410512;0.10943524737235645
0;84000;0.0022878574362413307;0.48393864614003884;5.091304347826087;1.5386497973163034;-0.6983124577043858;0.10943364985075975
0;88000;0.003052113396579881;0.5043069217191635;5.095652173913043;1.5332920424032044;-0.6989087962677796;0.10943205232908403
0;92000;0.003926231292761736;0.5246881856128374;5.1;1.5279342874901056;-0.6995051348311382;0.10943045480681572
0;96000;0.0049103722174677605;0.5450818447821767;5.104347826086957;1.5225765325770066;-0.7001014733945186;0.10942885728537499
0;100000;0.006004694059661671;0.565487304835073;5.108695652173913;1.517218777663908;-0.7006978119578726;0.10942725976348282
0;104000;0.007209351494714565;0.5859039700435136;5.113043478260869;1.511861022750809;-0.7012941505212779;0.10942566224145056
0;108000;0.008524495974623118;0.6063312433609684;5.1173913043478265;1.5065032678377102;-0.7018904890845775;0.10942406472048481
0;112000;0.009950275718321962;0.6267685264398438;5.121739130434783;1.5011455129246112;-0.7024868276480327;0.10942246719778898
0;116000;0.01148683570209059;0.6472152196490021;5.126086956521739;1.4957877580115124;-0.7030831662113105;0.10942086967689427
0;120000;0.013134317650055303;0.6676707220913463;5.130434782608695;1.4904300030984134;-0.7036795047747462;0.1094192721546493
0;124000;0.014892860024786547;0.6881344316214703;5.1347826086956525;1.4850722481853147;-0.7042758433380737;0.10941767463299043
0;128000;0.016762598017992136;0.708605744863373;5.139130434782609;1.4797144932722157;-0.704872181901508;0.10941607711094342
0;132000;0.018743663541306695;0.729084057228237;5.143478260869565;1.474356738359117;-0.7054685204647521;0.10941447959002976
0;136000;0.02083618521717785;0.7495687629322693;5.147826086956521;1.468998983446018;-0.7060648590282117;0.10941288206774542
0;140000;0.023040288369849456;0.7700592550146063;5.1521739130434785;1.4636412285329192;-0.7066611975915709;0.10941128454581214
0;144000;0.025356095016442395;0.7905549253552805;5.156521739130435;1.4582834736198202;-0.7072575361549188;0.10940968702439971
0;148000;0.027783723858133248;0.8110551646932488;5.160869565217391;1.4529257187067215;-0.7078538747183507;0.10940808950193653
0;152000;0.030323290271431335;0.8315593626444825;5.165217391304348;1.4475679637936225;-0.7084502132816178;0.10940649198136648
0;156000;0.03297490629955444;0.8520669077201173;5.1695652173913045;1.4422102088805238;-0.709046551845065;0.10940489445869235
0;160000;0.035738680643903724;0.8725771873446643;5.173913043478261;1.4368524539674248;-0.7096428904084393;0.10940329693704418
0;164000;0.0386147186556381;0.8930895878742802;5.178260869565217;1.4314946990543258;-0.7102392289717069;0.10940169941595232
0;168000;0.041603122327348585;0.9136034946150963;5.182608695652174;1.426136944141227;-0.7108355675351792;0.10940010189344157
0;172000;0.04470399028483294;0.9341182918416067;5.1869565217391305;1.420779189228128;-0.7114319060985496;0.10939850437158559
0;176000;0.047917417778971017;0.954633362815114;5.191304347826087;1.4154214343150293;-0.7120282446619021;0.10939690685014919
0;180000;0.05124349667770117;0.9751480898022328;5.195652173913044;1.4100636794019303;-0.7126245832252279;0.10939530932865098
0;184000;0.05468231545809818;0.9956618540934493;5.2;1.4047059244888316;-0.7132209217885348;0.10939371180709045
0;188000;0.058233959198552974;1.0161740360217384;5.2043478260869565;1.3993481695757326;-0.7138172603519218;0.10939211428525178
0;192000;0.061898509571054625;1.0366840149812353;5.208695652173913;1.3939904146626338;-0.7144135989154413;0.10939051676270704
0;196000;0.06567604483357489;1.0571911694459637;5.21304347826087;1.3886326597495349;-0.7150099374786963;0.10938891924166955
0;200000;0.06956663982255576;1.0776948769886172;5.217391304347826;1.3832749048364361;-0.7156062760421182;0.10938732171933643
0;204000;0.07357036594550032;1.0981945142993959;5.221739130434782;1.3779171499233371;-0.7162026146056332;0.1093857241971115
0;208000;0.0776872911736673;1.118689457204896;5.226086956521739;1.3725593950102384;-0.7167989531686297;0.10938412667707147
0;212000;0.08191748003486972;1.139179080687052;5.230434782608696;1.3672016400971394;-0.7173952917323428;0.10938252915383688
0;216000;0.0862609936063779;1.1596627589021327;5.234782608695652;1.3618438851840406;-0.7179916302953432;0.10938093163336848
0;220000;0.0907178895079273;1.180139865199786;5.239130434782608;1.3564861302709417;-0.718587968859071;0.10937933411028003
0;224000;0.09528822189483138;1.2006097721421394;5.243478260869566;1.351128375357843;-0.7191843074222667;0.10937773658934703
0;228000;0.09997204145120007;1.2210718515229462;5.247826086956522;1.345770620444744;-0.7197806459857085;0.10937613906704169
0;232000;0.10476939538326394;1.2415254743867858;5.252173913043478;1.3404128655316452;-0.7203769845489043;0.10937454154627915
0;236000;0.10968032741280452;1.261970011048311;5.256521739130434;1.3350551106185462;-0.7209733231125627;0.10937294402332154
0;240000;0.11470487777069123;1.282404831111545;5.260869565217392;1.3296973557054472;-0.7215696616756363;0.10937134650261982
0;244000;0.119843083190525;1.3028293034892269;5.265217391304348;1.3243396007923485;-0.7221660002392817;0.10936974897971322
0;248000;0.12509497690238916;1.3232427964222044;5.269565217391304;1.3189818458792497;-0.7227623388025416;0.1093681514587116
0;252000;0.1304605886267077;1.3436446774988742;5.273913043478261;1.3136240909661507;-0.7233586773658993;0.10936655393657622
0;256000;0.13593994456821148;1.364034313674668;5.278260869565218;1.3082663360530518;-0.7239550159291511;0.10936495641531598
0;260000;0.14153306741001248;1.3844110712915854;5.282608695652174;1.302908581139953;-0.7245513544926392;0.10936335889304809
0;264000;0.14723997630778654;1.4047743160977715;5.28695652173913;1.2975508262268542;-0.7251476930559845;0.10936176137204179
0;268000;0.15306068688406482;1.4251234132671393;5.291304347826087;1.2921930713137553;-0.7257440316193857;0.10936016384980696
0;272000;0.1589952112226344;1.4454577274190366;5.2956521739130435;1.2868353164006563;-0.7263403701824471;0.10935856632867422
0;276000;0.1650435578630483;1.4657766226379552;5.3;1.2814775614875575;-0.7269367087462405;0.10935696880565081
0;280000;0.1712057317952451;1.486079462493285;5.304347826086957;1.2761198065744586;-0.7275330473095645;0.10935537128426935
0;284000;0.17748173445427856;1.5063656100591085;5.308695652173913;1.2707620516613598;-0.7281293858727099;0.10935377376345262
0;288000;0.18387156371515767;1.526634427934038;5.3130434782608695;1.2654042967482608;-0.728725724436125;0.1093521762412126
0;292000;0.19037521388779713;1.5468852782610931;5.317391304347826;1.260046541835162;-0.7293220629998299;0.10935057871858347
0;296000;0.1969926757120788;1.5671175227476197;5.321739130434783;1.254688786922063;-0.7299184015629372;0.10934898119764913
0;300000;0.20372393635302424;1.5873305226852479;5.326086956521739;1.2493310320089643;-0.7305147401260981;0.10934738367601814
0;304000;0.21056897939607894;1.607523638969889;5.3304347826086955;1.2439732770958654;-0.7311110786899307;0.10934578615348826
0;308000;0.21752778484250787;1.6276962321217725;5.334782608695652;1.2386155221827666;-0.731707417252892;0.10934418863254379
0;312000;0.22460032910490346;1.647847662305519;5.339130434782609;1.2332577672696676;-0.7323037558162577;0.10934259111072042
0;316000;0.23178658500280563;1.6679772893502516;5.343478260869565;1.2279000123565689;-0.7329000943800253;0.10934099358797478
0;320000;0.23908652175843445;1.6880844727697448;5.3478260869565215;1.22254225744347;-0.7334964329428311;0.10933939606788093
0;324000;0.2465001049925356;1.7081685717826074;5.352173913043479;1.2171845025303711;-0.7340927715065273;0.10933779854542494
0;328000;0.25402729672033897;1.7282289453325022;5.356521739130435;1.2118267476172722;-0.7346891100701647;0.1093362010227428
0;332000;0.26166805534763055;1.7482649521084008;5.360869565217391;1.2064689927041732;-0.7352854486331425;0.10933460350246457
0;336000;0.2694223356669379;1.7682759505648715;5.3652173913043475;1.2011112377910744;-0.7358817871967698;0.10933300597898507
0;340000;0.2772900888538297;1.7882612989424018;5.369565217391305;1.1957534828779757;-0.7364781257594792;0.10933140845924372
0;344000;0.2852712624633292;1.8082203552877525;5.373913043478261;1.1903957279648767;-0.737074464323478;0.10932981093616759
0;348000;0.2933658004264419;1.8281524774743454;5.378260869565217;1.1850379730517777;-0.7376708028871557;0.1093282134145098
0;352000;0.3015736430467982;1.848057023222682;5.3826086956521735;1.179680218138679;-0.738267141450016;0.10932661589274345
0;356000;0.3098947269974106;1.8679333501207933;5.386956521739131;1.17432246322558;-0.738863480013703;0.10932501837098055
0;360000;0.31832898531754616;1.8877808156447196;5.391304347826087;1.1689647083124812;-0.7394598185764647;0.10932342085013447
0;364000;0.32687634740971405;1.90759877717902;5.395652173913043;1.1636069533993822;-0.7400561571404848;0.10932182332707605
0;368000;0.3355367390367688;1.9273865920373119;5.4;1.1582491984862835;-0.7406524957031059;0.10932022580628095
0;372000;0.34431008231912935;1.9471436174828376;5.404347826086957;1.1528914435731845;-0.741248834267321;0.10931862828406999
0;376000;0.35319629573211386;1.9668692107490593;5.408695652173913;1.1475336886600858;-0.741845172830241;0.1093170307621309
0;380000;0.36219529410339096;1.9865627290602812;5.413043478260869;1.1421759337469868;-0.7424415113935843;0.10931543324111154
0;384000;0.3713069886105472;2.0062235296522974;5.417391304347826;1.136818178833888;-0.7430378499573183;0.10931383571776881
0;388000;0.38053128677877124;2.0258509697930673;5.421739130434783;1.131460423920789;-0.7436341885196441;0.10931223819888042
0;392000;0.389868092478655;2.045444406803413;5.426086956521739;1.1261026690076903;-0.7442305270841509;0.10931064067477697
0;396000;0.39931730592411147;2.0650031980777444;5.430434782608696;1.1207449140945913;-0.7448268656476659;0.1093090431528245
0;400000;0.40887882367040995;2.0845267011048065;5.434782608695652;1.1153871591814926;-0.7454232042101039;0.10930744563214917
0;404000;0.418552538612329;2.10401427348845;5.439130434782609;1.1100294042683936;-0.7460195427742647;0.1093058481098314
0;408000;0.4283383399824264;2.1234652729684242;5.443478260869565;1.1046716493552948;-0.7466158813362485;0.10930425059047102
0;412000;0.4382361133494273;2.142879057441192;5.447826086956522;1.0993138944421958;-0.7472122199004452;0.10930265306655429
0;416000;0.44824574061673056;2.1622549849807657;5.452173913043478;1.093956139529097;-0.7478085584642996;0.10930105554428907
0;420000;0.45836710002103265;2.181592413859564;5.456521739130435;1.0885983846159981;-0.7484048970283289;0.1092994580215543
0;424000;0.4686000661310703;2.200890702569289;5.460869565217392;1.0832406297028991;-0.7490012355899747;0.10929786050232962
0;428000;0.47894450984648174;2.22014920984182;5.465217391304348;1.0778828747898004;-0.7495975741546388;0.10929626297843054
0;432000;0.48940029839678634;2.239367294670129;5.469565217391304;1.0725251198767016;-0.7501939127166599;0.10929466545974043
0;436000;0.4999672953404832;2.2585443163292105;5.473913043478261;1.0671673649636026;-0.7507902512808209;0.10929306793570309
0;440000;0.5106453605642688;2.2776796343970327;5.478260869565218;1.0618096100505037;-0.7513865898448697;0.10929147041284373
0;444000;0.521434350282374;2.296772608775502;5.482608695652174;1.056451855137405;-0.7519829284066903;0.10928987289444328
0;448000;0.5323341170360196;2.315822599711442;5.48695652173913;1.0510941002243062;-0.7525792669713405;0.10928827536985458
0;452000;0.5433445096929927;2.3348289678175935;5.491304347826087;1.0457363453112072;-0.7531756055342717;0.10928667784921176
0;456000;0.5544653734473413;2.3537910740936216;5.495652173913044;1.0403785903981082;-0.7537719440970175;0.10928508032826811
0;460000;0.5656965498191892;2.3727082799471413;5.5;1.0350208354850094;-0.7543682826622073;0.1092834828036704
0;464000;0.5770378766546713;2.3915799472147556;5.504347826086956;1.0296630805719107;-0.7549646212238388;0.10928188528551741
0;468000;0.5884891881259883;2.410405438183104;5.5086956521739125;1.0243053256588117;-0.7555609597879746;0.1092802877617648
0;472000;0.6000503147315813;2.429184115609924;5.51304347826087;1.0189475707457127;-0.7561572983512191;0.10927869024018605
0;476000;0.6117210832964278;2.447915342745125;5.517391304347826;1.013589815832614;-0.756753636914164;0.10927709271841096
0;480000;0.623501316972457;2.466598483351868;5.521739130434782;1.0082320609195152;-0.7573499754777817;0.10927549519685209
0;484000;0.6353908352390862;2.485232901727662;5.526086956521739;1.002874306006416;-0.7579463140409932;0.109273897675698
0;488000;0.6473894539038777;2.5038179627254618;5.530434782608696;0.9975165510933173;-0.7585426526052745;0.10927230015288031
0;492000;0.6594969851033161;2.5223530317747787;5.534782608695652;0.9921587961802184;-0.7591389911674529;0.10927070263147148
0;496000;0.6717132373037076;2.540837474902798;5.539130434782608;0.9868010412671195;-0.7597353297322291;0.10926910510930221
0;500000;0.6840380153021985;2.559270658755504;5.543478260869565;0.9814432863540207;-0.760331668293785;0.10926750758929493
0;504000;0.6964711202279167;2.577651950618807;5.547826086956522;0.9760855314409218;-0.7609280068585119;0.10926591006553116
0;508000;0.7090123495432324;2.5959807184396824;5.552173913043478;0.9707277765278229;-0.7615243454214458;0.10926431254377689
0;512000;0.7216614970451423;2.614256330847309;5.556521739130435;0.9653700216147241;-0.7621206839859144;0.10926271502224916
0;516000;0.7344183528667724;2.632478157174215;5.560869565217391;0.9600122667016253;-0.7627170225468165;0.10926111750285328
0;520000;0.7472827034790048;2.6506455674774245;5.565217391304348;0.9546545117885264;-0.7633133611125785;0.10925951997707095
0;524000;0.7602543316922248;2.6687579325596107;5.569565217391304;0.9492967568754275;-0.7639096996742223;0.1092579224585073
0;528000;0.7733330166581891;2.6868146239902457;5.573913043478261;0.9439390019623286;-0.7645060382387917;0.10925632493524151
0;532000;0.7865185338720168;2.704815014126757;5.578260869565217;0.9385812470492297;-0.7651023768009937;0.10925472741448233
0;536000;0.7998106551743012;2.722758476135681;5.582608695652174;0.9332234921361309;-0.7656987153654814;0.1092531298915364
0;540000;0.813209148753344;2.7406443840138177;5.586956521739131;0.927865737223032;-0.7662950539289296;0.10925153237047452
0;544000;0.826713779147511;2.758472112609386;5.591304347826087;0.9225079823099331;-0.766891392491027;0.10924993484944828
0;548000;0.8403243072477093;2.7762410376431745;5.595652173913043;0.9171502273968343;-0.7674877310550434;0.10924833732671124
0;552000;0.8540404902999879;2.7939505357296928;5.6;0.9117924724837354;-0.7680840696179984;0.10924673980600474
0;556000;0.8678620819082581;2.811599984398318;5.604347826086957;0.9064347175706364;-0.768680408182584;0.10924514228260462
0;560000;0.8817888320371382;2.8291887621144407;5.608695652173913;0.9010769626575376;-0.7692767467455636;0.10924354476160125
0;564000;0.8958204870149186;2.846716248300602;5.613043478260869;0.8957192077444388;-0.7698730853087394;0.10924194723968905
0;568000;0.9099567895366497;2.864181823357631;5.6173913043478265;0.8903614528313399;-0.7704694238713008;0.10924034971934343
0;572000;0.9241974786673521;2.8815848686857706;5.621739130434783;0.8850036979182411;-0.7710657624346546;0.10923875219660978
0;576000;0.9385422898453487;2.898924766705803;5.626086956521739;0.8796459430051422;-0.7716621010004105;0.10923715467254158
0;580000;0.9529909548857188;2.9162009008801646;5.630434782608695;0.8742881880920433;-0.7722584395605235;0.10923555715468913
0;584000;0.9675432019838751;2.933412655734053;5.6347826086956525;0.8689304331789445;-0.772854778125855;0.10923395963110488
0;588000;0.982198755719262;2.950559416876527;5.639130434782609;0.8635726782658455;-0.7734511166892397;0.10923236210847426
0;592000;0.996957337059177;2.9676405710215965;5.643478260869565;0.8582149233527466;-0.7740474552521968;0.1092307645883544
0;596000;1.011818663362714;2.984655506009304;5.647826086956522;0.8528571684396478;-0.774643793816156;0.10922916706572655
0;600000;1.0267824483848285;3.001603610826792;5.6521739130434785;0.8474994135265489;-0.7752401323793944;0.10922756954347207
0;604000;1.0418484022805257;3.0184842756293646;5.656521739130435;0.84214165861345;-0.7758364709411169;0.10922597202312123
0;608000;1.0570162316091707;3.0352968917615306;5.660869565217391;0.8367839037003513;-0.7764328095066068;0.10922437450026351
0;612000;1.0722856393389204;3.05204085177804;5.665217391304348;0.8314261487872524;-0.7770291480679021;0.10922277698005023
0;616000;1.0876563248512783;3.068715549464902;5.6695652173913045;0.8260683938741535;-0.7776254866331553;0.10922117945602655
0;620000;1.103127983945771;3.0853203798603936;5.673913043478261;0.8207106389610546;-0.7782218251961237;0.10921958193479053
0;624000;1.1187003088447476;3.101854739276049;5.678260869565217;0.8153528840479557;-0.7788181637590779;0.10921798441286273
0;628000;1.1343729881983002;3.1183180253176372;5.682608695652174;0.8099951291348568;-0.7794145023224035;0.109216386892657
0;632000;1.1501457070893075;3.13470963690612;5.6869565217391305;0.804637374221758;-0.7800108408850828;0.10921478936965123
0;636000;1.1660181470386002;3.1510289742985953;5.691304347826087;0.7992796193086591;-0.7806071794481964;0.1092131918496988
0;640000;1.181989986010248;3.167275439109223;5.695652173913043;0.7939218643955602;-0.7812035180133041;0.1092115943263523
0;644000;1.1980608984169696;3.18344843433013;5.7;0.7885641094824614;-0.7817998565759421;0.10920999680442306
0;648000;1.2142305551256636;3.1995473643523;5.7043478260869565;0.7832063545693625;-0.7823961951393641;0.10920839928405396
0;652000;1.230498623463062;3.2155716349864387;5.708695652173913;0.7778485996562635;-0.7829925337036423;0.10920680176034836
0;656000;1.2468647672215054;3.231520653483824;5.71304347826087;0.7724908447431647;-0.7835888722667501;0.10920520423877694
0;660000;1.2633286466648403;3.2473938285571307;5.717391304347826;0.7671330898300659;-0.7841852108286068;0.10920360671752055
0;664000;1.279889918534438;3.263190570401234;5.721739130434782;0.761775334916967;-0.7847815493932166;0.10920200919607514
0;668000;1.296548236055334;3.2789102907139935;5.726086956521739;0.7564175800038682;-0.7853778879546656;0.10920041167553551
0;672000;1.3133032489424918;3.294552402717009;5.730434782608696;0.7510598250907693;-0.7859742265205107;0.10919881415241867
0;676000;1.3301546034071854;3.310116321176357;5.734782608695652;0.7457020701776704;-0.7865705650824467;0.10919721663167642
0;680000;1.3471019421635044;3.3256014624232986;5.739130434782608;0.7403443152645716;-0.7871669036471631;0.10919561910784187
0;684000;1.3641449044349814;3.341007244374966;5.743478260869566;0.7349865603514726;-0.7877632422086251;0.10919402158794228
0;688000;1.381283125961339;3.3563330865550176;5.747826086956522;0.7296288054383737;-0.7883595807744866;0.10919242406383128
0;692000;1.3985162390053594;3.3715784101142727;5.752173913043478;0.7242710505252749;-0.7889559193357323;0.10919082654471823
0;696000;1.4158438723598743;3.3867426378513126;5.756521739130434;0.718913295612176;-0.7895522578987362;0.10918922902298439
0;700000;1.4332656513548763;3.4018251942330564;5.760869565217392;0.7135555406990771;-0.7901485964641302;0.10918763150005545
0;704000;1.4507811978647505;3.4168255054153085;5.765217391304348;0.7081977857859784;-0.790744935027529;0.10918603397685306
0;708000;1.4683901303156282;3.4317429992632755;5.769565217391304;0.7028400308728795;-0.7913412735885836;0.10918443645801729
0;712000;1.4860920636928598;3.4465771053720515;5.773913043478261;0.6974822759597806;-0.7919376121526367;0.10918283893471153
0;716000;1.50388660954861;3.461327255087074;5.778260869565218;0.6921245210466817;-0.7925339507188802;0.10918124141267427
0;720000;1.5217733760095713;3.475992881524548;5.782608695652174;0.6867667661335828;-0.7931302892792327;0.10917964389146706
0;724000;1.5397519677847995;3.4905734195918376;5.78695652173913;0.6814090112204839;-0.7937266278426227;0.10917804636937961
0;728000;1.5578219861736697;3.505068306007822;5.791304347826087;0.676051256307385;-0.7943229664076179;0.10917644884893757
0;732000;1.5759830290739505;3.519476979323221;5.7956521739130435;0.6706935013942862;-0.794919304969971;0.10917485132604277
0;736000;1.5942346909899998;3.5337988799408846;5.8;0.6653357464811873;-0.7955156435326391;0.10917325380494886
0;740000;1.6125765630410802;3.548033450136047;5.804347826086957;0.6599779915680885;-0.796111982097871;0.10917165628216896
0;744000;1.6310082329697932;3.562180134076544;5.808695652173913;0.6546202366549896;-0.7967083206589332;0.10917005876139291
0;748000;1.649529285150634;3.5762383778429965;5.8130434782608695;0.6492624817418906;-0.7973046592226067;0.10916846123876894
0;752000;1.668139300598665;3.590207629448951;5.817391304347826;0.6439047268287917;-0.7979009977888243;0.10916686371658818
0;756000;1.686837856978309;3.60408733886099;5.821739130434783;0.638546971915693;-0.7984973363500816;0.10916526619574685
0;760000;1.70562452861226;3.6178769580187966;5.826086956521739;0.6331892170025941;-0.7990936749135282;0.10916366867457217
0;764000;1.7244988864905157;3.631575940855182;5.8304347826086955;0.6278314620894953;-0.7996900134767209;0.10916207115256554
0;768000;1.7434604982795259;3.6451837433160743;5.834782608695652;0.6224737071763964;-0.8002863520394555;0.10916047362983955
0;772000;1.7625089283314612;3.658699823380464;5.839130434782609;0.6171159522632975;-0.8008826906062099;0.10915887610852648
0;776000;1.7816437376935992;3.672123641080311;5.843478260869565;0.6117581973501987;-0.8014790291662774;0.10915727858745383
0;780000;1.8008644841178292;3.685454658520405;5.8478260869565215;0.6064004424370997;-0.8020753677295352;0.10915568106581691
0;784000;1.820170722070275;3.6986923398981855;5.852173913043478;0.6010426875240008;-0.8026717062949318;0.10915408354116701
0;788000;1.839562002741036;3.7118361515235203;5.856521739130435;0.5956849326109019;-0.803268044857937;0.10915248602267974
0;792000;1.8590378740540443;3.7248855618384353;5.860869565217391;0.5903271776978031;-0.8038643834188146;0.10915088850095928
0;796000;1.8785978806770411;3.737840041436801;5.8652173913043475;0.5849694227847042;-0.8044607219841299;0.1091492909781061
0;800000;1.8982415640316692;3.750699063083974;5.869565217391305;0.5796116678716055;-0.8050570605461567;0.10914769345561298
0;804000;1.9179684623036835;3.763462101736392;5.873913043478261;0.5742539129585066;-0.8056533991122632;0.10914609593493513
0;808000;1.9377781104532765;3.7761286345611196;5.878260869565217;0.5688961580454077;-0.8062497376752418;0.10914449841166907
0;812000;1.9576700402255232;3.7886981409553506;5.8826086956521735;0.5635384031323087;-0.8068460762362486;0.10914290089250211
0;816000;1.9776437801609392;3.8011701025658557;5.886956521739131;0.5581806482192098;-0.8074424148022605;0.10914130336827127
0;820000;1.997698855606158;3.813544003308387;5.891304347826087;0.552822893306111;-0.8080387533621076;0.10913970584779825
0;824000;2.0178347887247217;3.8258193293870284;5.895652173913043;0.547465138393012;-0.8086350919276679;0.10913810832493831
0;828000;2.03805109850799;3.837995569313497;5.9;0.5421073834799133;-0.8092314304916902;0.10913651080531406
0;832000;2.0583473007861617;3.8500722139263943;5.904347826086957;0.5367496285668145;-0.8098277690541994;0.1091349132814009
0;836000;2.078722908239414;3.8620487564104033;5.908695652173913;0.5313918736537155;-0.8104241076178136;0.10913331576066498
0;840000;2.099177430409155;3.873924692315435;5.913043478260869;0.5260341187406168;-0.811020446179754;0.1091317182389212
0;844000;2.1197103737093936;3.8856995195757187;5.917391304347826;0.5206763638275178;-0.8116167847465381;0.10913012071663014
0;848000;2.14032124143822;3.8973727385288433;5.921739130434783;0.5153186089144188;-0.8122131233068768;0.10912852319519895
0;852000;2.1610095337894033;3.908943851934738;5.926086956521739;0.5099608540013201;-0.8128094618717076;0.10912692567518734
0;856000;2.1817747478641034;3.9204123649946028;5.930434782608696;0.5046030990882211;-0.8134058004339149;0.109125328152122
0;860000;2.202616377682694;3.9317777853697784;5.934782608695652;0.49924534417512234;-0.8140021389963945;0.10912373062838238
0;864000;2.223533914196702;3.943039623200564;5.939130434782609;0.49388758926202336;-0.8145984775609334;0.10912213310845675
0;868000;2.244526845300859;3.954197391124973;5.943478260869565;0.4885298343489246;-0.8151948161259407;0.10912053558591173
0;872000;2.265594655845265;3.9652506042974367;5.947826086956522;0.48317207943582585;-0.815791154688074;0.10911893806708345
0;876000;2.286736827647664;3.976198780407442;5.952173913043478;0.4778143245227269;-0.8163874932509994;0.1091173405425645
0;880000;2.3079528395058366;3.987041439698115;5.956521739130435;0.4724565696096279;-0.8169838318156086;0.10911574302033872
0;884000;2.329242167210099;3.9977781049847434;5.960869565217392;0.46709881469652914;-0.8175801703775827;0.10911414550001308
0;888000;2.3506042835559167;4.008408301673237;5.965217391304348;0.46174105978343016;-0.8181765089437009;0.10911254797616049
0;892000;2.3720386583566304;4.018931557778528;5.969565217391304;0.4563833048703314;-0.8187728475047984;0.10911095045745761
0;896000;2.3935447584562906;4.029347403942908;5.973913043478261;0.45102554995723243;-0.8193691860657221;0.10910935293439922
0;900000;2.415122047742605;4.039655373454305;5.978260869565218;0.4456677950441337;-0.8199655246310251;0.10910775541114959
0;904000;2.436769987159998;4.049855002264491;5.982608695652174;0.4403100401310347;-0.820561863196829;0.10910615789249928
0;908000;2.458488034722775;4.059945829007235;5.98695652173913;0.4349522852179357;-0.8211582017546273;0.10910456036826882
0;912000;2.480275645528403;4.069927395016382;5.9913043478260875;0.42959453030483696;-0.8217545403247086;0.10910296284703053
0;916000;2.502132271770898;4.079799244343872;5.995652173913044;0.424236775391738;-0.8223508788864385;0.10910136532529824
0;920000;2.5240573627543204;4.089560923777691;6.0;0.41887902047863923;-0.8229472174449907;0.1090997678052647
0;924000;2.546050364906383;4.0992119828597575;6.004347826086956;0.41352126556554025;-0.8235435560137361;0.10909817028076513
0;928000;2.5681107217921646;4.108751973903737;6.0086956521739125;0.4081635106524415;-0.8241398945761825;0.10909657275973322
0;932000;2.590237874127933;4.118180452012795;6.01304347826087;0.4028057557393425;-0.8247362331377731;0.10909497523680395
0;936000;2.612431259795077;4.127496975097276;6.017391304347826;0.39744800082624376;-0.8253325717015414;0.10909337771922495
0;940000;2.6346903138541444;4.136701103892314;6.021739130434783;0.3920902459131448;-0.8259289102673123;0.10909178019233595
0;944000;2.657014468558989;4.1457924019753785;6.026086956521739;0.38673249100004603;-0.8265252488256711;0.10909018267379045
0;948000;2.679403153371024;4.154770435783741;6.030434782608696;0.38137473608694705;-0.8271215873948765;0.10908858515116454
0;952000;2.701855794973581;4.163634774631878;6.034782608695652;0.3760169811738481;-0.8277179259511361;0.10908698763191566
0;956000;2.7243718172863765;4.172384990728797;6.039130434782608;0.3706592262607493;-0.8283142645202985;0.10908539010807017
0;960000;2.746950641480085;4.181020659195294;6.043478260869565;0.36530147134765034;-0.8289106030810398;0.10908379258584905
0;964000;2.7695916859910166;4.189541358081135;6.047826086956522;0.3599437164345516;-0.8295069416495386;0.10908219506324457
0;968000;2.792294366535899;4.197946668382165;6.052173913043478;0.3545859615214526;-0.8301032802068242;0.10908059754291854
0;972000;2.815058096126767;4.206236174057342;6.056521739130435;0.3492282066083541;-0.8306996187699304;0.10907900002236975
0;976000;2.8378822850859535;4.2144094620456976;6.060869565217391;0.3438704516952551;-0.8312959573394736;0.10907740249558762
0;980000;2.8607663410611877;4.222466122283218;6.065217391304348;0.33851269678215634;-0.8318922958990942;0.10907580497948077
0;984000;2.883709669040793;4.230405747719654;6.069565217391304;0.33315494186905736;-0.8324886344620511;0.10907420745409743
0;988000;2.9067116713689933;4.238227934335252;6.073913043478261;0.3277971869559584;-0.8330849730205311;0.10907260993519069
0;992000;2.929771747761318;4.245932281157401;6.078260869565217;0.32243943204285963;-0.8336813115916664;0.10907101241215914
0;996000;2.952889295320111;4.253518390277216;6.082608695652174;0.31708167712976065;-0.8342776501505463;0.10906941489208916
1;0;2.9760637085501425;4.260985866866025;6.086956521739131;0.3117239222166619;-0.8348739887168393;0.10906781736651422
1;4000;2.9992943793743225;4.268334319191794;6.091304347826087;0.3063661673035629;-0.8354703272781746;0.10906621984631784
1;8000;3.022580697149515;4.275563358635457;6.095652173913043;0.30100841239046416;-0.836066665845706;0.10906462232480943
1;12000;3.045922048682453;4.282672599707176;6.1;0.2956506574773652;-0.8366630044052398;0.10906302480545049
1;16000;3.0693178182457546;4.289661660062513;6.104347826086957;0.2902929025642662;-0.8372593429658924;0.10906142727997478
1;20000;3.0927673875940394;4.296530160518522;6.108695652173913;0.28493514765116745;-0.8378556815358558;0.10905982975999692
1;24000;3.116270135980144;4.303277725069763;6.113043478260869;0.2795773927380685;-0.8384520200943879;0.10905823223746763
1;28000;3.1398254401714385;4.309903980904226;6.1173913043478265;0.2742196378249697;-0.8390483586628131;0.10905663471659952
1;32000;3.1634326744662378;4.316408558419176;6.121739130434783;0.26886188291187074;-0.8396446972177125;0.10905503719511811
1;36000;3.187091210710317;4.32279109123691;6.126086956521739;0.263504127998772;-0.840241035790376;0.10905343967370684
1;40000;3.2108004183135193;4.329051216220435;6.130434782608695;0.258146373085673;-0.8408373743490457;0.10905184215115116
1;44000;3.234559664266466;4.335188573489053;6.1347826086956525;0.25278861817257425;-0.8414337129139403;0.1090502446271921
1;48000;3.2583683131573604;4.341202806433867;6.139130434782609;0.24743086325947528;-0.8420300514721613;0.10904864710851539
1;52000;3.2822257271888913;4.347093561733194;6.143478260869565;0.2420731083463763;-0.8426263900385998;0.10904704958639305
1;56000;3.306131266195229;4.352860489367895;6.147826086956522;0.23671535343327754;-0.8432227286063916;0.10904545206456398
1;60000;3.330084287659121;4.358503242636617;6.1521739130434785;0.23135759852017856;-0.8438190671679158;0.1090438545417374
1;64000;3.354084146729079;4.364021478170946;6.156521739130435;0.22599984360708003;-0.8444154057249592;0.1090422570209501
1;68000;3.378130196236666;4.369414855950465;6.160869565217391;0.22064208869398105;-0.8450117442934979;0.1090406594971623
1;72000;3.4022217867138735;4.374683039317736;6.165217391304347;0.2152843337808823;-0.8456080828577868;0.10903906197690774
1;76000;3.426358266410593;4.379825694993177;6.1695652173913045;0.20992657886778332;-0.8462044214195878;0.10903746445494164
1;80000;3.4505389813121843;4.3848424930898595;6.173913043478261;0.20456882395468434;-0.8468007599817602;0.10903586693595801
1;84000;3.4747632751571316;4.3897331071282055;6.178260869565218;0.1992110690415856;-0.8473970985509416;0.10903426941096758
1;88000;3.4990304894547974;4.3944972140506025;6.182608695652174;0.1938533141284866;-0.8479934371059921;0.10903267189016372
1;92000;3.5233399635032656;4.399134494235915;6.1869565217391305;0.18849555921538785;-0.8485897756738049;0.10903107436699463
1;96000;3.5476910344072765;4.403644631513914;6.191304347826087;0.18313780430228888;-0.8491861142384473;0.10902947684604644
1;100000;3.5720830370962533;4.408027313179603;6.195652173913043;0.17778004938919012;-0.8497824527978468;0.10902787932560534
1;104000;3.596515304342419;4.412282230007456;6.2;0.17242229447609114;-0.8503787913670533;0.10902628180361085
1;108000;3.6209871667790026;4.416409076265562;6.2043478260869565;0.1670645395629924;-0.8509751299228934;0.10902468427950066
1;112000;3.645497952918538;4.420407549729664;6.208695652173913;0.1617067846498934;-0.8515714684939695;0.10902308676119521
1;116000;3.6700469891712473;4.42427735169712;6.21304347826087;0.15634902973679443;-0.8521678070481757;0.10902148923646551
1;120000;3.694633599863517;4.428018187000746;6.217391304347826;0.15099127482369568;-0.8527641456179581;0.10901989171788831
1;124000;3.7192571072564595;4.4316297640225795;6.221739130434782;0.1456335199105967;-0.8533604841843295;0.10901829419097765
1;128000;3.743916831564564;4.435111794707539;6.226086956521739;0.14027576499749794;-0.8539568227403881;0.10901669667269746
1;132000;3.7686120909744334;4.438463994576983;6.230434782608696;0.13491801008439896;-0.8545531613072658;0.10901509915250236
1;136000;3.793342201663608;4.441686082742175;6.234782608695652;0.1295602551713002;-0.8551494998729514;0.1090135016279229
1;140000;3.8181064778194758;4.444777781917646;6.239130434782608;0.12420250025820123;-0.8557458384293116;0.10901190410773118
1;144000;3.8429042316582676;4.447738818434461;6.243478260869566;0.11884474534510225;-0.8563421769994672;0.10901030658619658
1;148000;3.867734773444137;4.450568922253378;6.247826086956522;0.1134869904320035;-0.8569385155624651;0.10900870906224355
1;152000;3.8925974115083273;4.453267826977919;6.252173913043478;0.10812923551890452;-0.8575348541189465;0.1090071115425264
1;156000;3.9174914522684174;4.4558352698673245;6.256521739130434;0.10277148060580599;-0.8581311926908168;0.10900551401982703
1;160000;3.942416200247657;4.458270991849418;6.260869565217392;0.09741372569270679;-0.8587275312465648;0.10900391649921054
1;164000;3.9673709580943792;4.4605747375333635;6.265217391304348;0.09205597077960825;-0.8593238698156924;0.10900231897713406
1;168000;3.9923550266015004;4.462746255222319;6.269565217391304;0.08669821586650928;-0.8599202083780927;0.10900072145426488
1;172000;4.017367704726098;4.4647852969259905;6.273913043478261;0.08134046095341052;-0.8605165469405245;0.10899912393358466
1;176000;4.042408289609071;4.466691618373079;6.278260869565218;0.07598270604031154;-0.8611128855035899;0.10899752640749452
1;180000;4.067476076594883;4.468464979023624;6.282608695652174;0.07062495112721257;-0.8617092240672927;0.10899592889495983
1;184000;4.092570359251382;4.470105142081242;6.28695652173913;0.06526719621411381;-0.8623055626330627;0.10899433136506886
1;188000;4.117690429389699;4.471611874505262;6.291304347826087;0.05990944130101483;-0.8629019011917598;0.10899273384407096
1;192000;4.142835577084236;4.47298494702275;6.2956521739130435;0.054551686387916076;-0.8634982397592791;0.10899113632812354
1;196000;4.168005090692715;4.474224134140433;6.3;0.0491939314748171;-0.8640945783182065;0.10898953880233281
1;200000;4.193198256876318;4.4753292141565115;6.304347826086957;0.04383617656171834;-0.8646909168852449;0.10898794127984919
1;204000;4.218414360619905;4.476299969172366;6.308695652173913;0.038478421648619365;-0.8652872554484088;0.1089863437581183
1;208000;4.243652685252297;4.47713618510416;6.3130434782608695;0.03312066673552039;-0.8658835940105823;0.10898474623703838
1;212000;4.268912512466648;4.477837651694326;6.317391304347826;0.027762911822421632;-0.8664799325748977;0.10898314871791775
1;216000;4.294193122340885;4.478404162522951;6.321739130434782;0.022405156909322654;-0.867076271135554;0.1089815511903825
1;220000;4.319493793358226;4.478835515019046;6.326086956521739;0.0170474019962239;-0.8676726097044538;0.1089799536750253
1;224000;4.34481380242777;4.479131510471714;6.3304347826086955;0.011689647083124921;-0.868268948260546;0.10897835614896839
1;228000;4.370152424905164;4.479291954041198;6.334782608695653;0.0063318921700261654;-0.8688652868285353;0.10897675862725512
1;232000;4.395508934613344;4.479316654769823;6.339130434782609;0.0009741372569271878;-0.8694616253948584;0.10897516110608695
1;236000;4.4208826038633395;4.479205425592832;6.343478260869565;-0.004383617656171568;-0.8700579639507375;0.10897356358809433
1;240000;4.446272703475165;4.4789580833491005;6.3478260869565215;-0.009741372569270546;-0.8706543025175283;0.10897196606367975
1;244000;4.471678502798768;4.478574448791743;6.352173913043478;-0.015099127482369523;-0.8712506410812869;0.10897036853792227
1;248000;4.4970992697350605;4.478054346598612;6.356521739130435;-0.02045688239546828;-0.8718469796464313;0.10896877102273947
1;252000;4.522534270757011;4.477397605382676;6.360869565217391;-0.025814637308567256;-0.8724433182050642;0.10896717349524337
1;256000;4.547982770930812;4.476604057702288;6.3652173913043475;-0.03117239222166579;-0.8730396567727952;0.10896557597606464
1;260000;4.573444033937115;4.475673540071341;6.369565217391305;-0.03653014713476477;-0.8736359953357352;0.10896397845846009
1;264000;4.598917322092331;4.474605892969306;6.373913043478261;-0.04188790204786352;-0.8742323338987713;0.10896238093010278
1;268000;4.624401896370005;4.473400960851159;6.378260869565217;-0.0472456569609625;-0.8748286724585594;0.10896078341063054
1;272000;4.649897016422251;4.47205859215719;6.3826086956521735;-0.05260341187406148;-0.8754250110256222;0.10895918588813802
1;276000;4.675401940601261;4.470578639322693;6.386956521739131;-0.057961166787160234;-0.8760213495914186;0.10895758836737604
1;280000;4.700915925980869;4.468960958787553;6.391304347826087;-0.06331892170025921;-0.8766176881492724;0.10895599084590767
1;284000;4.726438228378194;4.4672054110057;6.395652173913043;-0.06867667661335797;-0.8772140267139025;0.10895439332511456
1;288000;4.751968102375334;4.465311860454452;6.4;-0.07403443152645695;-0.8778103652793957;0.10895279580064703
1;292000;4.777504801341137;4.463280175643751;6.404347826086957;-0.0793921864395557;-0.8784067038434749;0.10895119828470887
1;296000;4.803047577453024;4.461110229125264;6.408695652173913;-0.08474994135265468;-0.8790030424024512;0.10894960075856336
1;300000;4.828595681718883;4.4588018975013775;6.413043478260869;-0.09010769626575343;-0.8795993809669079;0.10894800323490195
1;304000;4.85414836399902;4.456355061434068;6.417391304347826;-0.09546545117885241;-0.8801957195336423;0.10894640571429319
1;308000;4.8797048730281745;4.453769605653658;6.421739130434783;-0.10082320609195139;-0.88079205809379;0.10894480819533549
1;312000;4.905264456437595;4.451045418967449;6.426086956521739;-0.10618096100505015;-0.8813883966593127;0.10894321066987626
1;316000;4.930826360777175;4.448182394268233;6.430434782608696;-0.11153871591814912;-0.8819847352232443;0.10894161315218301
1;320000;4.956389831537646;4.445180428542692;6.434782608695652;-0.11689647083124788;-0.8825810737850424;0.1089400156282279
1;324000;4.981954113172832;4.442039422879664;6.439130434782609;-0.12225422574434686;-0.8831774123486904;0.10893841810558746
1;328000;5.007518449121965;4.438759282478302;6.443478260869565;-0.1276119806574456;-0.8837737509120012;0.1089368205822063
1;332000;5.03308208183205;4.435339916656101;6.447826086956522;-0.1329697355705446;-0.8843700894737203;0.10893522306278948
1;336000;5.0586442527802955;4.431781238856807;6.452173913043478;-0.13832749048364357;-0.8849664280390027;0.10893362554091547
1;340000;5.084204202496595;4.4280831666582054;6.456521739130435;-0.14368524539674232;-0.8855627666023196;0.10893202802406701
1;344000;5.109761170586064;4.424245621779784;6.460869565217392;-0.1490430003098413;-0.8861591051674954;0.1089304304945929
1;348000;5.135314395751636;4.420268530090276;6.465217391304348;-0.15440075522293983;-0.8867554437304755;0.10892883297487864
1;352000;5.16086311581671;4.416151821615077;6.469565217391304;-0.15975851013603903;-0.8873517822866352;0.1089272354579451
1;356000;5.186406567747849;4.411895430543537;6.473913043478261;-0.16511626504913757;-0.887948120860439;0.10892563792796875
1;360000;5.211943987677538;4.407499295236137;6.478260869565217;-0.17047401996223654;-0.8885444594194939;0.10892404041463011
1;364000;5.237474610926988;4.40296335823153;6.482608695652174;-0.1758317748753353;-0.8891407979812407;0.10892244288735003
1;368000;5.262997672028995;4.3982875662534635;6.48695652173913;-0.18118952978843428;-0.8897371365468661;0.10892084536477248
1;372000;5.288512404750848;4.393471870217576;6.4913043478260875;-0.18654728470153326;-0.8903334751047387;0.1089192478444092
1;376000;5.31401804211729;4.388516225238067;6.495652173913044;-0.191905039614632;-0.8909298136761572;0.10891765032678816
1;380000;5.339513816433524;4.383420590634246;6.5;-0.197262794527731;-0.8915261522352156;0.10891605279964862
1;384000;5.364998959308271;4.378184929936944;6.504347826086956;-0.20262054944082974;-0.8921224907965012;0.1089144552815599
1;388000;5.390472701676877;4.372809210894816;6.5086956521739125;-0.20797830435392872;-0.8927188293614294;0.10891285775885387
1;392000;5.415934273824465;4.367293405480495;6.51304347826087;-0.21333605926702748;-0.8933151679289904;0.10891126023830419
1;396000;5.441382905409133;4.3616374898966415;6.517391304347826;-0.21869381418012646;-0.8939115064883227;0.10890966271520919
1;400000;5.466817825485202;4.355841444581849;6.521739130434783;-0.22405156909322543;-0.8945078450536473;0.10890806519116937
1;404000;5.492238262526504;4.34990525421643;6.526086956521739;-0.2294093240063242;-0.8951041836167476;0.10890646766869992
1;408000;5.517643444449723;4.343828907728067;6.530434782608696;-0.23476707891942317;-0.8957005221797728;0.10890487015110957
1;412000;5.543032598637768;4.337612398297347;6.534782608695652;-0.24012483383252192;-0.896296860739599;0.10890327262619957
1;416000;5.568404951963201;4.331255723363153;6.539130434782608;-0.2454825887456209;-0.8968931993047531;0.10890167510990323
1;420000;5.593759730811697;4.324758884627936;6.543478260869565;-0.25084034365871966;-0.8974895378737701;0.10890007758163535
1;424000;5.619096161105556;4.3181218880628585;6.547826086956522;-0.25619809857181863;-0.89808587643137;0.10889848006372072
1;428000;5.644413468327249;4.311344743912799;6.552173913043478;-0.2615558534849174;-0.8986822149963081;0.10889688253859058
1;432000;5.669710877543006;4.304427466701237;6.556521739130435;-0.26691360839801637;-0.8992785535604062;0.10889528502040174
1;436000;5.694987613426443;4.297370075235004;6.560869565217391;-0.27227136331111534;-0.8998748921191808;0.10889368749679743
1;440000;5.7202429002822335;4.290172592608899;6.565217391304348;-0.2776291182242141;-0.9004712306877585;0.10889208997346111
1;444000;5.7454759620698095;4.282835046210183;6.569565217391304;-0.2829868731373131;-0.9010675692497448;0.1088904924591916
1;448000;5.770686022427104;4.275357467722935;6.573913043478261;-0.2883446280504116;-0.9016639078137165;0.10888889492694762
1;452000;5.795872304694336;4.267739893132279;6.578260869565217;-0.2937023829635106;-0.9022602463766214;0.10888729741507713
1;456000;5.821034031937818;4.259982362728482;6.582608695652174;-0.29906013787660934;-0.9028565849384235;0.10888569988827071
1;460000;5.8461704269738135;4.252084921110914;6.586956521739131;-0.3044178927897083;-0.9034529235039372;0.1088841023674205
1;464000;5.871280712392419;4.244047617191883;6.591304347826087;-0.3097756477028073;-0.9040492620659233;0.10888250484044146
1;468000;5.896364110581486;4.2358705042003315;6.595652173913043;-0.31513340261590606;-0.9046456006324411;0.10888090732301983
1;472000;5.921419843750572;4.227553639685408;6.6;-0.32049115752900503;-0.9052419391885521;0.10887930980396363
1;476000;5.946447133954923;4.219097085519895;6.604347826086957;-0.3258489124421038;-0.9058382777606233;0.10887771228249957
1;480000;5.971445203119493;4.210500907903515;6.608695652173913;-0.33120666735520277;-0.9064346163178317;0.10887611475339512
1;484000;5.996413273062992;4.201765177366094;6.613043478260869;-0.3365644222683015;-0.9070309548859262;0.10887451723715255
1;488000;6.021350565521963;4.192889968770601;6.6173913043478265;-0.3419221771814005;-0.9076272934474477;0.10887291971605303
1;492000;6.046256302174885;4.1838753613160415;6.621739130434783;-0.34727993209449926;-0.9082236320106047;0.10887132219211273
1;496000;6.0711297046663155;4.174721438540231;6.626086956521739;-0.35263768700759823;-0.9088199705702455;0.10886972467298653
1;500000;6.095969994631049;4.16542828832242;6.630434782608695;-0.3579954419206972;-0.9094163091398125;0.10886812714602481
1;504000;6.120776393718311;4.155996002885797;6.6347826086956525;-0.36335319683379597;-0.9100126476950229;0.10886652962946544
1;508000;6.1455481236159715;4.146424678799851;6.639130434782609;-0.36871095174689494;-0.9106089862648966;0.10886493210178139
1;512000;6.170284406074794;4.136714416982594;6.643478260869565;-0.3740687066599937;-0.9112053248272257;0.10886333458354419
1;516000;6.194984462932698;4.1268653227026615;6.647826086956522;-0.3794264615730927;-0.9118016633895153;0.10886173706320496
1;520000;6.219647516139055;4.116877505581266;6.6521739130434785;-0.38478421648619143;-0.9123980019520326;0.10886013954325063
1;524000;6.244272787779001;4.10675107959402;6.656521739130435;-0.3901419713992904;-0.9129943405203846;0.10885854201974773
1;528000;6.268859500097776;4.0964861630726235;6.660869565217391;-0.3954997263123894;-0.913590679080439;0.10885694449579528
1;532000;6.293406875525085;4.086082878706413;6.665217391304347;-0.40085748122548814;-0.9141870176428282;0.10885534697398697
1;536000;6.317914136699482;4.075541353543777;6.6695652173913045;-0.4062152361385871;-0.9147833562063294;0.10885374945313223
1;540000;6.342380506492765;4.064861718993434;6.673913043478261;-0.41157299105168565;-0.915379694772897;0.10885215193339404
1;544000;6.366805208034405;4.054044110825577;6.678260869565218;-0.41693074596478485;-0.9159760333312791;0.1088505544083635
1;548000;6.391187464735981;4.0430886691728745;6.682608695652174;-0.4222885008778834;-0.9165723719009864;0.10884895688935967
1;552000;6.415526500315641;4.031995538531342;6.6869565217391305;-0.42764625579098237;-0.9171687104556869;0.1088473593651082
1;556000;6.43982153882258;4.0207648677610734;6.691304347826087;-0.4330040107040811;-0.9177650490266642;0.10884576184626277
1;560000;6.464071804661526;4.009396810086834;6.695652173913043;-0.4383617656171803;-0.9183613875908335;0.10884416432117777
1;564000;6.488276522617259;3.99789152309852;6.7;-0.4437195205302791;-0.918957726148336;0.10884256680193466
1;568000;6.512434917879122;3.986249168751478;6.7043478260869565;-0.44907727544337783;-0.9195540647153055;0.10884096927705028
1;572000;6.536546216065569;3.974469913366686;6.708695652173913;-0.45443503035647703;-0.9201504032763366;0.10883937175735497
1;576000;6.560609643248713;3.9625539276307986;6.71304347826087;-0.4597927852695758;-0.9207467418390148;0.1088377742377889
1;580000;6.5846244259788875;3.9505013865960548;6.717391304347826;-0.46515054018267454;-0.9213430804059575;0.10883617671498091
1;584000;6.608589791309225;3.9383124696800467;6.721739130434782;-0.4705082950957733;-0.9219394189667018;0.10883457918856859
1;588000;6.632504966820244;3.925987360665349;6.726086956521739;-0.4758660500088725;-0.9225357575327314;0.10883298167142624
1;592000;6.656369180644449;3.913526247699013;6.730434782608696;-0.48122380492197125;-0.9231320960939966;0.1088313841481533
1;596000;6.680181661490935;3.9009293232919204;6.734782608695652;-0.48658155983507;-0.9237284346564536;0.10882978663124637
1;600000;6.703941638670003;3.8881967843179996;6.739130434782608;-0.49193931474816877;-0.9243247732193761;0.10882818910418746
1;604000;6.727648342117786;3.8753288320133015;6.743478260869566;-0.4972970696612675;-0.9249211117842364;0.10882659158281283
1;608000;6.751301002420883;3.8623256719749386;6.747826086956522;-0.5026548245743667;-0.9255174503502704;0.10882499406090157
1;612000;6.7748988508409935;3.849187514159886;6.752173913043478;-0.5080125794874655;-0.9261137889110885;0.10882339653956047
1;616000;6.798441119339564;3.8359145728836403;6.756521739130434;-0.5133703344005642;-0.9267101274749666;0.10882179901813938
1;620000;6.8219270406024375;3.8225070668187433;6.760869565217392;-0.518728089313663;-0.9273064660364995;0.10882020149749394
1;624000;6.845355848064503;3.808965218993163;6.765217391304348;-0.5240858442267622;-0.9279028046021316;0.10881860397371912
1;628000;6.868726775934356;3.795289256788538;6.769565217391304;-0.5294435991398609;-0.9284991431635999;0.10881700645516468
1;632000;6.892039059218959;3.781479411938282;6.773913043478261;-0.5348013540529597;-0.9290954817274075;0.10881540893251546
1;636000;6.915291933748296;3.7675359205255496;6.778260869565218;-0.5401591089660589;-0.929691820292913;0.1088138114048906
1;640000;6.938484636200044;3.753459022981059;6.782608695652174;-0.5455168638791577;-0.9302881588564333;0.10881221388806261
1;644000;6.961616404124228;3.7392489640807822;6.78695652173913;-0.5508746187922564;-0.9308844974143954;0.10881061636923095
1;648000;6.984686475967886;3.724905992943488;6.791304347826087;-0.5562323737053552;-0.9314808359812414;0.1088090188434871
1;652000;7.007694091099732;3.7104303630281508;6.7956521739130435;-0.5615901286184544;-0.9320771745476554;0.10880742132126753
1;656000;7.030638489834811;3.6958223321312182;6.8;-0.5669478835315531;-0.9326735131055903;0.10880582380252735
1;660000;7.053518913459155;3.6810821623837375;6.804347826086957;-0.5723056384446519;-0.9332698516738891;0.10880422627869069
1;664000;7.0763346042544395;3.666210120248345;6.808695652173913;-0.5776633933577511;-0.9338661902319535;0.10880262875751834
1;668000;7.099084805522626;3.651206476516112;6.8130434782608695;-0.5830211482708498;-0.9344625288019411;0.10880103123350415
1;672000;7.121768761610608;3.6360715063032556;6.817391304347826;-0.5883789031839486;-0.9350588673618404;0.10879943371267892
1;676000;7.1443857179348464;3.6208054890477053;6.821739130434782;-0.5937366580970473;-0.9356552059218324;0.10879783619323807
1;680000;7.166934921005999;3.6054087085055313;6.826086956521739;-0.5990944130101465;-0.9362515444907357;0.1087962386704957
1;684000;7.189415618453542;3.589881452747235;6.8304347826086955;-0.6044521679232449;-0.9368478830517433;0.10879464114700688
1;688000;7.2118270590503855;3.5742240141538955;6.834782608695653;-0.609809922836344;-0.9374442216146119;0.10879304362571418
1;692000;7.234168492737476;3.5584366894131794;6.839130434782609;-0.6151676777494428;-0.9380405601781634;0.10879144610469016
1;696000;7.256439170648393;3.542519779515209;6.843478260869565;-0.6205254326625416;-0.9386368987423206;0.10878984858445023
1;700000;7.278638345133929;3.526473589748291;6.8478260869565215;-0.6258831875756408;-0.9392332373037293;0.10878825106416423
1;704000;7.300765269786667;3.510298429694506;6.852173913043478;-0.6312409424887395;-0.9398295758697037;0.10878665353683548
1;708000;7.322819199465535;3.493994613225156;6.856521739130435;-0.6365986974018383;-0.9404259144329685;0.10878505601961147
1;712000;7.344799390320356;3.4775624584960743;6.860869565217391;-0.641956452314937;-0.9410222529914898;0.1087834584970096
1;716000;7.366705099816378;3.4610022879427933;6.8652173913043475;-0.6473142072280362;-0.9416185915612018;0.10878186097179826
1;720000;7.388535586758795;3.4443144282755735;6.869565217391305;-0.652671962141135;-0.942214930123686;0.10878026345415504
1;724000;7.410290111317249;3.4274992104742936;6.873913043478261;-0.6580297170542337;-0.9428112686835632;0.10877866593226976
1;728000;7.431967935050309;3.410556969783198;6.878260869565217;-0.6633874719673329;-0.9434076072497064;0.10877706840767565
1;732000;7.453568320929952;3.393488045705506;6.8826086956521735;-0.6687452268804317;-0.9440039458139744;0.1087754708855091
1;736000;7.475090533366003;3.3762927819978827;6.886956521739131;-0.6741029817935305;-0.9446002843733854;0.10877387336906347
1;740000;7.496533838230572;3.358971526664767;6.891304347826087;-0.6794607367066292;-0.9451966229369178;0.10877227584277765
1;744000;7.517897502882468;3.34152463195256;6.895652173913043;-0.6848184916197284;-0.945792961505493;0.1087706783210643
1;748000;7.5391807961915855;3.3239524543436794;6.9;-0.6901762465328272;-0.9463893000669412;0.10876908079978986
1;752000;7.560382988563283;3.306255354550465;6.904347826086957;-0.6955340014459259;-0.9469856386256255;0.10876748327914115
1;756000;7.581503351962727;3.2884336975089523;6.908695652173913;-0.7008917563590251;-0.9475819771942325;0.10876588575664992
1;760000;7.60254115993922;3.2704878523725025;6.913043478260869;-0.7062495112721239;-0.9481783157529666;0.1087642882368321
1;764000;7.623495687650501;3.2524181925052944;6.917391304347826;-0.7116072661852226;-0.9487746543231019;0.10876269071006422
1;768000;7.644366211887031;3.234225095475677;6.921739130434783;-0.7169650210983214;-0.9493709928822269;0.10876109319233962
1;772000;7.66515201109624;3.2159089430493824;6.926086956521739;-0.7223227760114206;-0.949967331443385;0.10875949567197868
1;776000;7.685852365406756;3.1974701211825987;6.930434782608696;-0.7276805309245189;-0.9505636700104356;0.10875789814579961
1;780000;7.706565706137793;3.1790197316734896;6.934782608695652;-0.7276805309245189;1.1239342789792772e-12;0.11130434782628376
1;784000;7.727292033289351;3.1605577745220548;6.939130434782609;-0.7276805309245189;-9.990688831784666e-13;0.1113043478281742
1;788000;7.74803134686143;3.1420842497282946;6.943478260869565;-0.7276805309245189;1.1238579511463342e-12;0.11130434782628376
1;792000;7.768783646854031;3.123599157292209;6.947826086956522;-0.7276805309245189;1.1231640617559435e-12;0.11130434782628376
1;796000;7.7895489332671515;3.105102497213798;6.952173913043478;-0.7276805309245189;-2.6584290324649373e-12;0.11130434782203914
1;800000;7.810327206100793;3.0865942694930615;6.956521739130435;-0.7276805309245189;-9.981876436526704e-13;0.1113043478281742
1;804000;7.831118465354956;3.0680744741299995;6.960869565217392;-0.7276805309245189;1.1247391906721305e-12;0.11130434782628376
1;808000;7.851922711029641;3.049543111124612;6.965217391304348;-0.7276805309245189;1.124031423493932e-12;0.11130434782628376
1;812000;7.872739943124846;3.0310001804768993;6.969565217391304;-0.7276805309245189;1.1233375341035412e-12;0.11130434782628378
1;816000;7.8935701616405725;3.012445682186861;6.973913043478261;-0.7276805309245189;-9.996725669481066e-13;0.11130434782817421
1;820000;7.914413366576819;2.993879616254497;6.978260869565217;-0.7276805309245189;-2.657624120772084e-12;0.11130434782203916
1;824000;7.935269557933587;2.9753019826798077;6.982608695652174;-0.7276805309245189;1.1249126630197281e-12;0.11130434782628376
1;828000;7.956138735710876;2.956712781462793;6.98695652173913;-0.7276805309245189;1.1242187736293374e-12;0.11130434782628376
1;832000;7.977020899908687;2.938112012603453;6.9913043478260875;-0.7276805309245189;-9.987913274223104e-13;0.11130434782817421
1;836000;7.997916050527018;2.919499676101787;6.995652173913044;-0.7276805309245189;1.1241355069024905e-12;0.11130434782628376
