Time (seconds);Time (microseconds);Position X (m);Position Y (m);Speed (m/s);Steering angle (deg);Lane change
0;0;0.47;1.54;1.2448955406242943;0.08644958349437715;0
0;10010;0.47;1.54;1.2448955406242943;0.08644958349437715;0
0;20020;0.47;1.54;1.2448955406242943;0.08644958349437715;0
0;30030;0.47;1.54;1.2448955406242943;0.08644958349437715;0
0;40040;0.47;1.54;1.2448955406242943;0.08644958349437715;0
0;50050;0.47;1.54;1.2448955406242943;0.08644958349437715;0
0;60060;0.47;1.54;1.2448955406242943;0.08644958349437715;0
0;70070;0.47;1.54;1.2448955406242943;0.08644958349437715;0
0;80080;0.47;1.54;1.2448955406242943;0.08644958349437715;0
0;90090;0.47;1.54;1.2448955406242943;0.08644958349437715;0
0;100100;0.47;1.54;1.2448955406242943;0.08644958349437715;0
0;110110;0.47;1.54;1.2448955406242943;0.08644958349437715;0
0;120120;0.47;1.54;1.2448955406242943;0.08644958349437715;0
0;130130;0.47;1.54;1.2448955406242943;0.08644958349437715;0
0;140140;0.47;1.54;1.2448955406242943;0.08644958349437715;0
0;150150;0.47;1.54;1.2448955406242943;0.08644958349437715;0
0;160160;0.47;1.54;1.2448955406242943;0.08644958349437715;0
0;170170;0.47;1.54;1.2448955406242943;0.08644958349437715;0
0;180180;0.47;1.54;1.2448955406242943;0.08644958349437715;0
0;190190;0.47;1.54;1.2448955406242943;0.08644958349437715;0
0;200200;0.47;1.54;1.2448955406242943;0.08644958349437715;0
0;210210;0.47;1.54;1.3042383507712298;0.08598076142803256;0
0;220220;0.47;1.54;1.3635811609181652;0.08551193936168797;0
0;230230;0.47;1.54;1.4229239710651007;0.08504311729534338;0
0;240240;0.47;1.54;1.4822667812120363;0.08457429522899879;0
0;250250;0.47;1.54;1.5416095913589716;0.0841054731626542;0
0;260260;0.47;1.54;1.6009524015059071;0.0836366510963096;0
0;270270;0.47;1.54;1.6602952116528427;0.08316782902996502;0
0;280280;0.47;1.54;1.719638021799778;0.08269900696362043;0
0;290290;0.47;1.54;1.7789808319467135;0.08223018489727582;0
0;300300;0.47;1.54;1.838323642093649;0.08176136283093123;0
0;310310;0.47;1.54;1.8976664522405844;0.08129254076458664;0
0;320320;0.47;1.54;1.95700926238752;0.08082371869824205;0
0;330330;0.47;1.54;2.0163520725344553;0.08035489663189746;0
0;340340;0.47;1.54;2.075694882681391;0.07988607456555287;0
0;350350;0.47;1.54;2.1350376928283263;0.07941725249920828;0
0;360360;0.47;1.54;2.1943805029752617;0.07894843043286369;0
0;370370;0.47;1.54;2.253723313122197;0.0784796083665191;0
0;380380;0.47;1.54;2.3130661232691327;0.07801078630017451;0
0;390390;0.47;1.54;2.372408933416068;0.07754196423382992;0
0;400400;0.47;1.54;2.431751743563004;0.07707314216748533;1
0;410410;0.47;1.54;2.491094553709939;0.07660432010114074;1
0;420420;0.47;1.54;2.5504373638568745;0.07613549803479615;1
0;430430;0.47;1.54;2.6097801740038102;0.07566667596845156;1
0;440440;0.47;1.54;2.6691229841507456;0.07519785390210697;1
0;450450;0.47;1.54;2.728465794297681;0.07472903183576238;1
0;460460;0.47;1.54;2.7878086044446166;0.07426020976941777;1
0;470470;0.47;1.54;2.847151414591552;0.07379138770307318;1
0;480480;0.47;1.54;2.9064942247384873;0.07332256563672859;1
0;490490;0.47;1.54;2.965837034885423;0.072853743570384;1
0;500500;0.47;1.54;3.0251798450323584;0.07238492150403941;1
0;510510;0.47;1.54;3.0845226551792937;0.07191609943769482;1
0;520520;0.47;1.54;3.1438654653262295;0.07144727737135023;1
0;530530;0.47;1.54;3.203208275473165;0.07097845530500564;1
0;540540;0.47;1.54;3.2625510856201;0.07050963323866105;1
0;550550;0.47;1.54;3.321893895767036;0.07004081117231646;1
0;560560;0.47;1.54;3.381236705913971;0.06957198910597187;1
0;570570;0.47;1.54;3.4405795160609065;0.06910316703962728;1
0;580580;0.47;1.54;3.4999223262078423;0.06863434497328269;1
0;590590;0.47;1.54;3.5592651363547776;0.0681655229069381;1
0;600600;0.47;1.54;3.6186079465017134;0.0676967008405935;1
0;610610;0.47;1.54;3.6779507566486487;0.0672278787742489;1
0;620620;0.47;1.54;3.737293566795584;0.06675905670790432;1
0;630630;0.47;1.54;3.7966363769425193;0.06629023464155973;1
0;640640;0.47;1.54;3.8559791870894546;0.06582141257521514;1
0;650650;0.47;1.54;3.9153219972363904;0.06535259050887054;1
0;660660;0.47006933119137245;1.540011555198562;3.9842098600874936;0.06482440517007915;1
0;670670;0.4705209139602329;1.540086818993372;4.105723552397815;0.06396892551990456;1
0;680680;0.4709724967290933;1.5401620827881823;4.227237244708137;0.06311344586972997;1
0;690690;0.4714240794979537;1.5402373465829924;4.348750937018458;0.062257966219555386;1
0;700700;0.4718756622668141;1.5403126103778024;4.4702646293287795;0.0614024865693808;1
0;710710;0.4723272450356745;1.5403878741726125;4.591778321639103;0.0605470069192062;1
0;720720;0.4727788278045349;1.5404631379674225;4.713292013949424;0.05969152726903161;1
0;730730;0.4732304105733953;1.5405384017622326;4.834805706259745;0.058836047618857024;1
0;740740;0.4736819933422557;1.5406136655570426;4.956319398570067;0.05798056796868244;1
0;750750;0.4741335761111161;1.5406889293518526;5.077833090880389;0.05712508831850784;1
0;760760;0.47458515887997654;1.5407641931466627;5.19934678319071;0.056269608668333256;1
0;770770;0.4750367416488369;1.540839456941473;5.320860475501033;0.05541412901815866;1
0;780780;0.47548832441769734;1.540914720736283;5.442374167811354;0.054558649367984074;1
0;790790;0.47593990718655776;1.540989984531093;5.563887860121676;0.05370316971780949;1
0;800800;0.47639148995541813;1.541065248325903;5.6854015524319985;0.05284769006763489;1
0;810810;0.47684307272427856;1.5411405121207131;5.80691524474232;0.0519922104174603;1
0;820820;0.477294655493139;1.5412157759155232;5.928428937052642;0.05113673076728571;1
0;830830;0.47774623826199936;1.5412910397103332;6.049942629362963;0.050281251117111125;1
0;840840;0.4781978210308598;1.5413663035051433;6.1714563216732845;0.04942577146693654;1
0;850850;0.4786494037997202;1.5414415672999533;6.292970013983607;0.048570291816761944;1
0;860860;0.4791009865685806;1.5415168310947633;6.414483706293928;0.04771481216658736;1
0;870870;0.479552569337441;1.5415920948895736;6.535997398604249;0.04685933251641277;1
0;880880;0.48000415210630143;1.5416673586843836;6.657511090914571;0.04600385286623818;1
0;890890;0.4804557348751618;1.5417426224791937;6.779024783224893;0.04514837321606359;1
0;900900;0.4809073176440222;1.5418178862740037;6.900538475535216;0.044292893565888995;1
0;910910;0.48135890041288265;1.5418931500688138;7.022052167845538;0.0434374139157144;1
0;920920;0.481810483181743;1.5419684138636238;7.143565860155859;0.042581934265539814;1
0;930930;0.48226206595060345;1.5420436776584339;7.26507955246618;0.04172645461536523;1
0;940940;0.4827136487194639;1.542118941453244;7.386593244776503;0.04087097496519064;1
0;950950;0.48316523148832424;1.542194205248054;7.508106937086824;0.040015495315016046;1
0;960960;0.48361681425718467;1.542269469042864;7.629620629397146;0.03916001566484146;1
0;970970;0.48406839702604504;1.5423447328376743;7.751134321707467;0.03830453601466687;1
0;980980;0.48451997979490546;1.5424199966324843;7.872648014017789;0.037449056364492285;1
0;990990;0.4849715625637659;1.5424952604272943;7.994161706328111;0.03659357671431769;1
1;1001;0.4863250230196352;1.5425279934440768;8.124399950178358;0.03644080525256293;1
1;11011;0.4877390940677474;1.5425578681845298;8.255224526569597;0.03633525921847707;1
1;21021;0.4891531651158596;1.542587742924983;8.386049102960834;0.03622971318439121;1
1;31031;0.49056723616397185;1.542617617665436;8.516873679352072;0.03612416715030535;1
1;41041;0.49198130721208405;1.542647492405889;8.647698255743311;0.03601862111621949;1
1;51051;0.49339537826019625;1.542677367146342;8.778522832134549;0.035913075082133636;1
1;61061;0.49480944930830845;1.5427072418867953;8.909347408525788;0.03580752904804777;1
1;71071;0.49622352035642064;1.5427371166272483;9.040171984917025;0.035701983013961915;1
1;81081;0.49763759140453284;1.5427669913677013;9.170996561308263;0.03559643697987606;1
1;91091;0.49905166245264504;1.5427968661081544;9.301821137699502;0.0354908909457902;1
1;101101;0.5004657335007572;1.5428267408486076;9.43264571409074;0.035385344911704336;1
1;111111;0.5018798045488695;1.5428566155890606;9.563470290481979;0.03527979887761848;1
1;121121;0.5032938755969817;1.5428864903295136;9.694294866873218;0.03517425284353262;1
1;131131;0.5047079466450939;1.5429163650699669;9.825119443264455;0.03506870680944676;1
1;141141;0.5061220176932061;1.54294623981042;9.955944019655693;0.0349631607753609;1
1;151151;0.5075360887413183;1.542976114550873;10.086768596046932;0.03485761474127504;1
1;161161;0.5089501597894305;1.543005989291326;10.21759317243817;0.034752068707189186;1
1;171171;0.5103642308375427;1.5430358640317792;10.348417748829407;0.03464652267310332;1
1;181181;0.5117783018856549;1.5430657387722322;10.479242325220646;0.034540976639017465;1
1;191191;0.5131923729337671;1.5430956135126852;10.610066901611884;0.03443543060493161;1
1;201201;0.5146064439818793;1.5431254882531382;10.740891478003123;0.03432988457084575;1
1;211211;0.5160205150299915;1.5431553629935915;10.87171605439436;0.034224338536759887;1
1;221221;0.5174345860781037;1.5431852377340445;11.0025406307856;0.03411879250267403;1
1;231231;0.5188486571262159;1.5432151124744975;11.133365207176839;0.03401324646858817;1
1;241241;0.5202627281743281;1.5432449872149505;11.264189783568076;0.03390770043450231;1
1;251251;0.5216767992224403;1.5432748619554038;11.395014359959314;0.03380215440041645;1
1;261261;0.5230908702705525;1.5433047366958568;11.525838936350553;0.033696608366330594;1
1;271271;0.5245049413186647;1.5433346114363098;11.65666351274179;0.03359106233224474;1
1;281281;0.5259190123667769;1.5433644861767628;11.787488089133028;0.03348551629815887;1
1;291291;0.527333083414889;1.543394360917216;11.918312665524267;0.033379970264073015;1
1;301301;0.5287471544630012;1.543424235657669;12.049137241915505;0.03327442422998716;1
1;311311;0.5301612255111134;1.543454110398122;12.179961818306744;0.0331688781959013;1
1;321321;0.5315752965592256;1.543483985138575;12.310786394697981;0.03306333216181544;1
1;331331;0.5329893676073378;1.5435138598790283;12.44161097108922;0.03295778612772958;1
1;341341;0.53440343865545;1.5435437346194814;12.57243554748046;0.03285224009364372;1
1;351351;0.5358175097035622;1.5435736093599344;12.703260123871697;0.03274669405955786;1
1;361361;0.5372315807516744;1.5436034841003876;12.834084700262935;0.032641148025472;1
1;371371;0.5386456517997866;1.5436333588408406;12.964909276654174;0.032535601991386144;1
1;381381;0.5400597228478988;1.5436632335812936;13.095733853045411;0.03243005595730029;1
1;391391;0.541473793896011;1.5436931083217467;13.226558429436649;0.03232450992321442;1
1;401401;0.5428878649441233;1.5437229830622;13.35738300582789;0.032218963889128566;1
1;411411;0.5443019359922355;1.543752857802653;13.488207582219127;0.03211341785504271;1
1;421421;0.5457160070403477;1.543782732543106;13.619032158610365;0.032007871820956844;1
1;431431;0.5471300780884599;1.543812607283559;13.749856735001604;0.03190232578687099;1
1;441441;0.5485441491365721;1.5438424820240122;13.880681311392841;0.03179677975278513;1
1;451451;0.5499582201846843;1.5438723567644652;14.01150588778408;0.03169123371869927;1
1;461461;0.5513722912327965;1.5439022315049182;14.142330464175318;0.03158568768461341;1
1;471471;0.5527863622809087;1.5439321062453712;14.273155040566555;0.03148014165052755;1
1;481481;0.5542004333290209;1.5439619809858245;14.403979616957795;0.031374595616441694;1
1;491491;0.5556145043771331;1.5439918557262775;14.534804193349032;0.03126904958235584;1
1;501501;0.5587420705986185;1.5440435249301367;14.718313094998873;0.03178880327939233;1
1;511511;0.5625118307447561;1.544103362392774;14.921567341795422;0.03254291053321353;1
1;521521;0.5662815908908936;1.544163199855411;15.12482158859197;0.03329701778703473;1
1;531531;0.5700513510370312;1.544223037318048;15.32807583538852;0.03405112504085592;1
1;541541;0.5738211111831687;1.5442828747806852;15.531330082185068;0.034805232294677114;1
1;551551;0.5775908713293063;1.5443427122433224;15.734584328981617;0.03555933954849831;1
1;561561;0.5813606314754438;1.5444025497059595;15.937838575778166;0.03631344680231951;1
1;571571;0.5851303916215814;1.5444623871685965;16.141092822574716;0.037067554056140706;1
1;581581;0.588900151767719;1.5445222246312336;16.344347069371263;0.0378216613099619;1
1;591591;0.5926699119138567;1.5445820620938708;16.547601316167817;0.038575768563783114;1
1;601601;0.5964396720599943;1.5446418995565079;16.750855562964368;0.03932987581760431;1
1;611611;0.6002094322061318;1.544701737019145;16.95410980976092;0.04008398307142551;1
1;621621;0.6039791923522694;1.5447615744817822;17.157364056557466;0.040838090325246705;1
1;631631;0.6077489524984069;1.5448214119444192;17.360618303354016;0.0415921975790679;1
1;641641;0.6115187126445445;1.5448812494070563;17.563872550150563;0.04234630483288909;1
1;651651;0.615288472790682;1.5449410868696933;17.767126796947114;0.04310041208671029;1
1;661661;0.6190582329368196;1.5450009243323306;17.97038104374366;0.043854519340531486;1
1;671671;0.6228279930829572;1.5450607617949677;18.17363529054021;0.044608626594352684;1
1;681681;0.6265977532290947;1.5451205992576047;18.376889537336762;0.04536273384817388;1
1;691691;0.6303675133752323;1.5451804367202417;18.58014378413331;0.04611684110199508;1
1;701701;0.6341372735213698;1.545240274182879;18.78339803092986;0.04687094835581627;1
1;711711;0.6379070336675075;1.545300111645516;18.986652277726407;0.047625055609637465;1
1;721721;0.641676793813645;1.545359949108153;19.189906524522957;0.04837916286345866;1
1;731731;0.6454465539597826;1.5454197865707902;19.393160771319508;0.04913327011727986;1
1;741741;0.6492163141059202;1.5454796240334274;19.596415018116055;0.049887377371101056;1
1;751751;0.6529860742520577;1.5455394614960645;19.799669264912605;0.05064148462492225;1
1;761761;0.6567558343981953;1.5455992989587015;20.002923511709152;0.051395591878743443;1
1;771771;0.6605255945443328;1.5456591364213386;20.206177758505703;0.05214969913256464;1
1;781781;0.6642953546904704;1.5457189738839758;20.40943200530225;0.05290380638638584;1
1;791791;0.6680651148366079;1.5457788113466129;20.6126862520988;0.053657913640207035;1
1;801801;0.6718348749827456;1.54583864880925;20.815940498895355;0.05441202089402825;1
1;811811;0.6756046351288831;1.545898486271887;21.019194745691905;0.05516612814784945;1
1;821821;0.6793743952750207;1.5459583237345242;21.222448992488452;0.05592023540167064;1
1;831831;0.6833706631745016;1.5460122380640582;21.399742830221125;0.0565317969630518;1
1;841841;0.6878867204456224;1.5460525600039787;21.51746279237708;0.05681624506006015;1
1;851851;0.6924027777167432;1.5460928819438995;21.635182754533037;0.057100693157068505;1
1;861861;0.696918834987864;1.5461332038838203;21.752902716688993;0.05738514125407685;1
1;871871;0.7014348922589848;1.546173525823741;21.87062267884495;0.0576695893510852;1
1;881881;0.7059509495301056;1.5462138477636618;21.9883426410009;0.057954037448093555;1
1;891891;0.7104670068012264;1.5462541697035823;22.106062603156857;0.05823848554510191;1
1;901901;0.7149830640723474;1.546294491643503;22.223782565312813;0.05852293364211025;1
1;911911;0.7194991213434682;1.5463348135834238;22.34150252746877;0.058807381739118605;1
1;921921;0.724015178614589;1.5463751355233446;22.459222489624725;0.05909182983612696;1
1;931931;0.7285312358857098;1.5464154574632654;22.57694245178068;0.05937627793313531;1
1;941941;0.7330472931568306;1.5464557794031861;22.694662413936637;0.059660726030143656;1
1;951951;0.7375633504279514;1.5464961013431067;22.81238237609259;0.05994517412715201;1
1;961961;0.7420794076990722;1.5465364232830274;22.930102338248545;0.06022962222416036;1
1;971971;0.7465954649701931;1.5465767452229482;23.0478223004045;0.06051407032116871;1
1;981981;0.751111522241314;1.546617067162869;23.165542262560457;0.06079851841817706;1
1;991991;0.7556275795124348;1.5466573891027897;23.283262224716413;0.06108296651518541;1
2;2002;0.7601436367835556;1.5466977110427103;23.40098218687237;0.06136741461219376;1
2;12012;0.7646596940546764;1.546738032982631;23.518702149028325;0.061651862709202115;1
2;22022;0.7691757513257973;1.5467783549225518;23.63642211118428;0.06193631080621047;1
2;32032;0.7736918085969182;1.5468186768624725;23.754142073340237;0.06222075890321882;1
2;42042;0.778207865868039;1.5468589988023933;23.871862035496193;0.06250520700022717;1
2;52052;0.7827239231391598;1.546899320742314;23.98958199765215;0.06278965509723552;1
2;62062;0.7872399804102806;1.5469396426822346;24.107301959808105;0.06307410319424388;1
2;72072;0.7917560376814015;1.5469799646221554;24.22502192196406;0.06335855129125223;1
2;82082;0.7962720949525223;1.5470202865620761;24.342741884120016;0.06364299938826057;1
2;92092;0.8007881522236432;1.547060608501997;24.46046184627597;0.06392744748526892;1
2;102102;0.805304209494764;1.5471009304419177;24.578181808431925;0.06421189558227727;1
2;112112;0.8098202667658848;1.5471412523818382;24.69590177058788;0.06449634367928563;1
2;122122;0.8143363240370056;1.547181574321759;24.813621732743837;0.06478079177629398;1
2;132132;0.8188523813081264;1.5472218962616797;24.931341694899793;0.06506523987330233;1
2;142142;0.8233684385792472;1.5472622182016005;25.04906165705575;0.06534968797031068;1
2;152152;0.827884495850368;1.5473025401415212;25.166781619211704;0.06563413606731903;1
2;162162;0.832400553121489;1.547342862081442;25.284501581367657;0.06591858416432739;1
2;172172;0.8369166103926098;1.5473831840213625;25.402221543523613;0.06620303226133573;1
2;182182;0.8414326676637306;1.5474235059612833;25.51994150567957;0.06648748035834408;1
2;192192;0.8459487249348514;1.547463827901204;25.637661467835525;0.06677192845535243;1
2;202202;0.8504647822059722;1.5475041498411248;25.75538142999148;0.06705637655236078;1
2;212212;0.854980839477093;1.5475444717810456;25.873101392147436;0.06734082464936914;1
2;222222;0.8594968967482138;1.5475847937209661;25.990821354303392;0.06762527274637749;1
2;232232;0.8640129540193349;1.547625115660887;26.10854131645935;0.06790972084338584;1
2;242242;0.8685290112904557;1.5476654376008077;26.226261278615304;0.06819416894039419;1
2;252252;0.8730450685615765;1.5477057595407284;26.34398124077126;0.06847861703740254;1
2;262262;0.8775611258326973;1.5477460814806492;26.461701202927216;0.0687630651344109;1
2;272272;0.8820771831038181;1.54778640342057;26.579421165083172;0.06904751323141925;1
2;282282;0.8865932403749389;1.5478267253604905;26.697141127239128;0.0693319613284276;1
2;292292;0.8911092976460598;1.5478670473004112;26.814861089395084;0.06961640942543594;1
2;302302;0.8956253549171806;1.547907369240332;26.932581051551036;0.06990085752244429;1
2;312312;0.9001414121883015;1.5479476911802528;27.050301013706992;0.07018530561945265;1
2;322322;0.9046574694594223;1.5479880131201735;27.168020975862948;0.070469753716461;1
2;332332;0.9113969835674256;1.548041198347843;27.32516868448559;0.05956521205152219;1
2;342342;0.9190771101115688;1.5480998252680274;27.498995929243293;0.04392727383786314;1
2;352352;0.926757236655712;1.5481584521882117;27.672823174000992;0.02828933562420409;1
2;362362;0.9344373631998552;1.5482170791083958;27.846650418758696;0.01265139741054504;1
2;372372;0.9421174897439983;1.5482757060285801;28.0204776635164;-0.0029865408031140095;1
2;382382;0.9497976162881414;1.5483343329487644;28.1943049082741;-0.018624479016773058;1
2;392392;0.9574777428322846;1.5483929598689488;28.3681321530318;-0.03426241723043211;1
2;402402;0.9651578693764278;1.548451586789133;28.541959397789505;-0.04990035544409116;1
2;412412;0.972837995920571;1.5485102137093174;28.715786642547204;-0.06553829365775021;1
2;422422;0.980518122464714;1.5485688406295017;28.889613887304908;-0.08117623187140925;1
2;432432;0.9881982490088572;1.548627467549686;29.06344113206261;-0.0968141700850683;1
2;442442;0.9958783755530004;1.5486860944698704;29.23726837682031;-0.11245210829872736;1
2;452452;1.0035585020971438;1.5487447213900545;29.411095621578017;-0.1280900465123868;1
2;462462;1.0112386286412869;1.5488033483102388;29.58492286633572;-0.14372798472604587;1
2;472472;1.0189187551854302;1.5488619752304231;29.758750111093423;-0.15936592293970492;1
2;482482;1.0265988817295733;1.5489206021506075;29.932577355851123;-0.17500386115336397;1
2;492492;1.0342790082737163;1.5489792290707918;30.106404600608826;-0.19064179936702302;1
2;502502;1.0419591348178596;1.549037855990976;30.28023184536653;-0.20627973758068208;1
2;512512;1.0496392613620027;1.5490964829111604;30.454059090124233;-0.22191767579434113;1
2;522522;1.057319387906146;1.5491551098313447;30.627886334881932;-0.23755561400800018;1
2;532532;1.064999514450289;1.549213736751529;30.801713579639635;-0.25319355222165923;1
2;542542;1.0726796409944321;1.5492723636717132;30.97554082439734;-0.2688314904353183;1
2;552552;1.0803597675385754;1.5493309905918975;31.149368069155038;-0.28446942864897734;1
2;562562;1.0880398940827185;1.5493896175120818;31.32319531391274;-0.3001073668626364;1
2;572572;1.0957200206268616;1.5494482444322661;31.497022558670444;-0.31574530507629545;1
2;582582;1.1034001471710049;1.5495068713524505;31.670849803428144;-0.3313832432899545;1
2;592592;1.111080273715148;1.5495654982726348;31.844677048185847;-0.3470211815036135;1
2;602602;1.1187604002592915;1.5496241251928191;32.018504292943554;-0.362659119717273;1
2;612612;1.1264405268034345;1.5496827521130034;32.19233153770126;-0.37829705793093205;1
2;622622;1.1341206533475776;1.5497413790331878;32.36615878245896;-0.3939349961445911;1
2;632632;1.141800779891721;1.5498000059533719;32.53998602721666;-0.40957293435825015;1
2;642642;1.149480906435864;1.5498586328735562;32.71381327197436;-0.4252108725719092;1
2;652652;1.157161032980007;1.5499172597937405;32.88764051673206;-0.44084881078556826;1
2;662662;1.1648411595241503;1.5499758867139248;33.061467761489766;-0.4564867489992273;1
2;672672;1.1714863658040084;1.5500480878041933;33.17430943889856;-0.4516816725214103;1
2;682682;1.1774085149778308;1.550129772620384;33.2445429566655;-0.4325938850449072;1
2;692692;1.183330664151653;1.5502114574365746;33.314776474432435;-0.4135060975684041;1
2;702702;1.1892528133254754;1.5502931422527653;33.38500999219937;-0.394418310091901;1
2;712712;1.1951749624992976;1.550374827068956;33.45524350996631;-0.3753305226153979;1
2;722722;1.20109711167312;1.5504565118851465;33.525477027733245;-0.3562427351388948;1
2;732732;1.207019260846942;1.5505381967013372;33.59571054550018;-0.33715494766239174;1
2;742742;1.2129414100207645;1.5506198815175278;33.66594406326712;-0.31806716018588865;1
2;752752;1.2188635591945867;1.5507015663337185;33.736177581034056;-0.29897937270938557;1
2;762762;1.224785708368409;1.5507832511499091;33.80641109880099;-0.2798915852328825;1
2;772772;1.2307078575422312;1.5508649359660998;33.87664461656792;-0.2608037977563794;1
2;782782;1.2366300067160536;1.5509466207822904;33.94687813433486;-0.2417160102798763;1
2;792792;1.2425521558898758;1.551028305598481;34.017111652101796;-0.22262822280337322;1
2;802802;1.2484743050636982;1.5511099904146717;34.08734516986873;-0.20354043532687013;1
2;812812;1.2543964542375203;1.5511916752308623;34.15757868763567;-0.18445264785036705;1
2;822822;1.2603186034113427;1.551273360047053;34.22781220540261;-0.16536486037386397;1
2;832832;1.2662407525851649;1.5513550448632436;34.298045723169544;-0.14627707289736086;1
2;842842;1.2721629017589873;1.5514367296794342;34.36827924093648;-0.12718928542085778;1
2;852852;1.2780850509328094;1.551518414495625;34.43851275870342;-0.1081014979443547;1
2;862862;1.2840072001066318;1.5516000993118158;34.508746276470355;-0.08901371046785161;1
2;872872;1.289929349280454;1.5516817841280064;34.57897979423729;-0.06992592299134852;1
2;882882;1.2958514984542764;1.551763468944197;34.64921331200423;-0.05083813551484544;1
2;892892;1.3017736476280986;1.5518451537603877;34.719446829771165;-0.03175034803834235;1
2;902902;1.307695796801921;1.5519268385765783;34.789680347538095;-0.012662560561839264;1
2;912912;1.313617945975743;1.552008523392769;34.85991386530503;0.006425226914663823;1
2;922922;1.3195400951495655;1.5520902082089596;34.93014738307197;0.02551301439116691;1
2;932932;1.3254622443233877;1.5521718930251502;35.000380900838906;0.044600801867669994;1
2;942942;1.33138439349721;1.5522535778413409;35.07061441860584;0.06368858934417308;1
2;952952;1.3373065426710322;1.5523352626575315;35.14084793637278;0.08277637682067616;1
2;962962;1.3432286918448546;1.5524169474737222;35.211081454139716;0.10186416429717926;1
2;972972;1.3491508410186768;1.5524986322899128;35.28131497190665;0.12095195177368234;1
2;982982;1.3550729901924994;1.5525803171061034;35.35154848967359;0.14003973925018645;1
2;992992;1.3609951393663218;1.552662001922294;35.42178200744053;0.15912752672668953;1
3;3003;1.366917288540144;1.5527436867384847;35.492015525207464;0.17821531420319262;1
3;13013;1.3728394377139663;1.5528253715546754;35.5622490429744;0.1973031016796957;1
3;23023;1.3787615868877885;1.552907056370866;35.63248256074134;0.2163908891561988;1
3;33033;1.3846837360616109;1.5529887411870567;35.702716078508274;0.2354786766327019;1
3;43043;1.390605885235433;1.5530704260032473;35.77294959627521;0.25456646410920497;1
3;53053;1.3965280344092554;1.5531521108194382;35.84318311404215;0.27365425158570805;1
3;63063;1.4024501835830776;1.5532337956356288;35.913416631809085;0.29274203906221113;1
3;73073;1.4083723327569;1.5533154804518194;35.98365014957602;0.3118298265387142;1
3;83083;1.4142944819307222;1.55339716526801;36.05388366734296;0.3309176140152173;1
3;93093;1.4202166311045445;1.5534788500842007;36.12411718510989;0.3500054014917204;1
3;103103;1.4261387802783667;1.5535605349003914;36.194350702876825;0.3690931889682235;1
3;113113;1.432060929452189;1.553642219716582;36.26458422064376;0.3881809764447266;1
3;123123;1.4379830786260113;1.5537239045327726;36.3348177384107;0.4072687639212297;1
3;133133;1.4439052277998337;1.5538055893489633;36.405051256177636;0.42635655139773276;1
3;143143;1.4498273769736558;1.553887274165154;36.47528477394457;0.44544433887423585;1
3;153153;1.4557495261474782;1.5539689589813446;36.54551829171151;0.4645321263507389;1
3;163163;1.460555153612138;1.554044054372623;36.574646663822854;0.47913647149271743;1
3;173173;1.4646764332812103;1.5541151109186415;36.57858052732246;0.49099278777587935;1
3;183183;1.468797712950283;1.5541861674646602;36.58251439082206;0.5028491040590412;1
3;193193;1.4729189926193555;1.5542572240106787;36.58644825432167;0.5147054203422031;1
3;203203;1.477040272288428;1.5543282805566971;36.590382117821264;0.526561736625365;1
3;213213;1.4811615519575005;1.5543993371027156;36.59431598132087;0.5384180529085268;1
3;223223;1.4852828316265732;1.554470393648734;36.59824984482047;0.5502743691916887;1
3;233233;1.4894041112956455;1.5545414501947525;36.60218370832008;0.5621306854748507;1
3;243243;1.4935253909647181;1.554612506740771;36.60611757181968;0.5739870017580125;1
3;253253;1.4976466706337908;1.5546835632867895;36.610051435319285;0.5858433180411744;1
3;263263;1.5017679503028631;1.554754619832808;36.61398529881888;0.5976996343243363;1
3;273273;1.5058892299719357;1.5548256763788266;36.617919162318486;0.6095559506074981;1
3;283283;1.5100105096410084;1.554896732924845;36.62185302581809;0.6214122668906601;1
3;293293;1.5141317893100807;1.5549677894708636;36.625786889317695;0.633268583173822;1
3;303303;1.5182530689791534;1.555038846016882;36.6297207528173;0.6451248994569838;1
3;313313;1.522374348648226;1.5551099025629005;36.6336546163169;0.6569812157401457;1
3;323323;1.5264956283172983;1.555180959108919;36.63758847981651;0.6688375320233075;1
3;333333;1.530616907986371;1.5552520156549374;36.641522343316105;0.6806938483064695;1
3;343343;1.5347381876554436;1.555323072200956;36.64545620681571;0.6925501645896314;1
3;353353;1.538859467324516;1.5553941287469744;36.64939007031531;0.7044064808727932;1
3;363363;1.5429807469935886;1.555465185292993;36.65332393381492;0.7162627971559551;1
3;373373;1.5471020266626612;1.5555362418390115;36.65725779731452;0.728119113439117;1
3;383383;1.5512233063317336;1.55560729838503;36.661191660814126;0.7399754297222789;1
3;393393;1.5553445860008062;1.5556783549310484;36.66512552431372;0.7518317460054408;1
3;403403;1.559465865669879;1.555749411477067;36.66905938781333;0.7636880622886033;1
3;413413;1.5635871453389514;1.5558204680230854;36.67299325131293;0.7755443785717652;1
3;423423;1.567708425008024;1.5558915245691038;36.676927114812536;0.787400694854927;1
3;433433;1.5718297046770966;1.5559625811151223;36.68086097831214;0.7992570111380889;1
3;443443;1.575950984346169;1.556033637661141;36.684794841811744;0.8111133274212509;1
3;453453;1.5800722640152416;1.5561046942071595;36.68872870531135;0.8229696437044127;1
3;463463;1.5841935436843142;1.556175750753178;36.692662568810945;0.8348259599875746;1
3;473473;1.5883148233533866;1.5562468072991964;36.69659643231055;0.8466822762707364;1
3;483483;1.5924361030224592;1.5563178638452149;36.700530295810154;0.8585385925538983;1
3;493493;1.5965573826915318;1.5563889203912333;36.70446415930976;0.8703949088370603;1
3;503503;1.6006786623606042;1.5564599769372518;36.70839802280936;0.8822512251202221;1
3;513513;1.6047999420296768;1.5565310334832703;36.71233188630897;0.894107541403384;1
3;523523;1.6089212216987494;1.5566020900292887;36.71626574980857;0.9059638576865459;1
3;533533;1.6130425013678218;1.5566731465753074;36.72019961330817;0.9178201739697077;1
3;543543;1.6171637810368944;1.5567442031213259;36.72413347680777;0.9296764902528697;1
3;553553;1.621285060705967;1.5568152596673444;36.728067340307376;0.9415328065360316;1
3;563563;1.6254063403750396;1.5568863162133628;36.73200120380698;0.9533891228191934;1
3;573573;1.629527620044112;1.5569573727593813;36.735935067306585;0.9652454391023553;1
3;583583;1.6336488997131846;1.5570284293053998;36.73986893080619;0.9771017553855172;1
3;593593;1.6377701793822572;1.5570994858514182;36.743802794305786;0.9889580716686791;1
3;603603;1.6418914590513296;1.5571705423974367;36.74773665780539;1.000814387951841;1
3;613613;1.6460127387204022;1.5572415989434552;36.751670521304995;1.012670704235003;1
3;623623;1.6501340183894748;1.5573126554894738;36.7556043848046;1.0245270205181647;1
3;633633;1.6542552980585472;1.5573837120354923;36.7595382483042;1.0363833368013267;1
3;643643;1.6583765777276198;1.5574547685815108;36.76347211180381;1.0482396530844884;1
3;653653;1.6624978573966924;1.5575258251275292;36.76740597530341;1.0600959693676504;1
3;663663;1.6666191370657648;1.5575968816735477;36.77133983880301;1.0719522856508124;1
3;673673;1.6707404167348374;1.5576679382195662;36.77527370230261;1.083808601933974;1
3;683683;1.67486169640391;1.5577389947655846;36.77920756580222;1.095664918217136;1
3;693693;1.6789829760729824;1.557810051311603;36.78314142930182;1.1075212345002978;1
3;703703;1.683104255742055;1.5578811078576218;36.787075292801426;1.1193775507834598;1
3;713713;1.6872255354111276;1.5579521644036403;36.79100915630103;1.1312338670666218;1
3;723723;1.6918076182508812;1.5580941467839;36.775052619342134;1.1593954371690451;1
3;733733;1.6973389643549759;1.5583822377268217;36.71812148049328;1.2211461391420408;1
3;743743;1.7028703104590708;1.5586703286697434;36.66119034164442;1.2828968411150368;1
3;753753;1.7084016565631654;1.558958419612665;36.60425920279557;1.3446475430880327;1
3;763763;1.7139330026672603;1.5592465105555866;36.547328063946715;1.4063982450610284;1
3;773773;1.719464348771355;1.559534601498508;36.490396925097855;1.4681489470340243;1
3;783783;1.72499569487545;1.5598226924414298;36.433465786249;1.5298996490070202;1
3;793793;1.7305270409795446;1.5601107833843513;36.37653464740015;1.5916503509800162;1
3;803803;1.7360583870836395;1.560398874327273;36.31960350855129;1.6534010529530119;1
3;813813;1.7415897331877341;1.5606869652701945;36.262672369702436;1.7151517549260078;1
3;823823;1.747121079291829;1.5609750562131162;36.20574123085358;1.7769024568990037;1
3;833833;1.752652425395924;1.5612631471560379;36.14881009200472;1.8386531588720028;1
3;843843;1.7581837715000188;1.5615512380989593;36.09187895315587;1.9004038608449987;1
3;853853;1.7637151176041135;1.561839329041881;36.03494781430701;1.9621545628179946;1
3;863863;1.7692464637082084;1.5621274199848025;35.97801667545816;2.0239052647909905;1
3;873873;1.774777809812303;1.5624155109277242;35.921085536609304;2.0856559667639862;1
3;883883;1.780309155916398;1.5627036018706457;35.864154397760444;2.147406668736982;1
3;893893;1.7858405020204926;1.5629916928135674;35.80722325891159;2.209157370709978;1
3;903903;1.7913718481245875;1.563279783756489;35.75029212006274;2.270908072682974;1
3;913913;1.7969031942286822;1.5635678746994106;35.69336098121388;2.33265877465597;1
3;923923;1.802434540332777;1.563855965642332;35.636429842365025;2.3944094766289656;1
3;933933;1.8079658864368717;1.5641440565852538;35.57949870351617;2.4561601786019613;1
3;943943;1.8134972325409666;1.5644321475281755;35.52256756466732;2.5179108805749575;1
3;953953;1.8190285786450613;1.564720238471097;35.46563642581846;2.579661582547953;1
3;963963;1.8245599247491562;1.5650083294140187;35.40870528696961;2.641412284520949;1
3;973973;1.8300912708532509;1.5652964203569402;35.351774148120754;2.703162986493945;1
3;983983;1.8356226169573457;1.5655845112998619;35.294843009271894;2.7649136884669407;1
3;993993;1.8411539630614404;1.5658726022427834;35.23791187042304;2.8266643904399364;1
4;4004;1.8466853091655353;1.566160693185705;35.18098073157419;2.8884150924129326;1
4;14014;1.85221665526963;1.5664487841286265;35.12404959272533;2.9501657943859283;1
4;24024;1.8577480013737249;1.5667368750715482;35.067118453876475;3.011916496358924;1
4;34034;1.8632793474778195;1.5670249660144697;35.01018731502762;3.07366719833192;1
4;44044;1.8688106935819144;1.5673130569573914;34.95325617617876;3.135417900304916;1
4;54054;1.874342039686009;1.5676011479003131;34.89632503732991;3.197168602277912;1
4;64064;1.879873385790104;1.5678892388432346;34.839393898481056;3.2589193042509077;1
4;74074;1.8833506340250037;1.568185381140687;34.760017325040984;3.287813341099073;1
4;84084;1.885544881467803;1.568486552358326;34.666621210082745;3.296184924751052;1
4;94094;1.8877391289106025;1.568787723575965;34.5732250951245;3.304556508403031;1
4;104104;1.8899333763534016;1.5690888947936041;34.47982898016626;3.31292809205501;1
4;114114;1.892127623796201;1.5693900660112434;34.38643286520802;3.321299675706989;1
4;124124;1.8943218712390002;1.5696912372288825;34.293036750249776;3.329671259358968;1
4;134134;1.8965161186817996;1.5699924084465215;34.19964063529154;3.338042843010947;1
4;144144;1.898710366124599;1.5702935796641606;34.10624452033329;3.346414426662926;1
4;154154;1.9009046135673981;1.5705947508818;34.01284840537505;3.3547860103149048;1
4;164164;1.9030988610101975;1.570895922099439;33.91945229041681;3.363157593966884;1
4;174174;1.905293108452997;1.571197093317078;33.82605617545857;3.371529177618863;1
4;184184;1.907487355895796;1.571498264534717;33.73266006050033;3.379900761270842;1
4;194194;1.9096816033385955;1.5717994357523561;33.63926394554208;3.3882723449228207;1
4;204204;1.9118758507813947;1.5721006069699954;33.545867830583845;3.3966439285748;1
4;214214;1.914070098224194;1.5724017781876345;33.4524717156256;3.405015512226779;1
4;224224;1.9162643456669934;1.5727029494052736;33.35907560066736;3.4133870958787575;1
4;234234;1.9184585931097926;1.5730041206229126;33.265679485709114;3.4217586795307366;1
4;244244;1.920652840552592;1.573305291840552;33.172283370750876;3.4301302631827157;1
4;254254;1.9228470879953914;1.573606463058191;33.07888725579263;3.438501846834695;1
4;264264;1.9250413354381908;1.57390763427583;32.985491140834384;3.446873430486674;1
4;274274;1.92723558288099;1.574208805493469;32.892095025876145;3.455245014138653;1
4;284284;1.9294298303237893;1.5745099767111084;32.7986989109179;3.463616597790632;1
4;294294;1.9316240777665887;1.5748111479287474;32.70530279595966;3.4719881814426112;1
4;304304;1.933818325209388;1.5751123191463865;32.61190668100142;3.48035976509459;1
4;314314;1.9360125726521873;1.5754134903640256;32.518510566043176;3.488731348746569;1
4;324324;1.9382068200949867;1.5757146615816648;32.42511445108494;3.497102932398548;1
4;334334;1.9404010675377859;1.576015832799304;32.33171833612669;3.505474516050527;1
4;344344;1.9425953149805852;1.576317004016943;32.23832222116845;3.513846099702506;1
4;354354;1.9447895624233844;1.576618175234582;32.14492610621021;3.522217683354485;1
4;364364;1.9469838098661838;1.5769193464522213;32.05152999125197;3.530589267006464;1
4;374374;1.9491780573089832;1.5772205176698604;31.958133876293726;3.538960850658443;1
4;384384;1.9513723047517824;1.5775216888874994;31.864737761335483;3.547332434310422;1
4;394394;1.9535665521945818;1.5778228601051385;31.77134164637724;3.555704017962401;1
4;404404;1.9557607996373811;1.5781240313227778;31.677945531419;3.56407560161438;1
4;414414;1.9579550470801803;1.5784252025404168;31.58454941646076;3.572447185266359;1
4;424424;1.9601492945229797;1.578726373758056;31.491153301502518;3.5808187689183377;1
4;434434;1.9623435419657789;1.579027544975695;31.397757186544275;3.589190352570317;1
4;444444;1.9645377894085783;1.5793287161933343;31.304361071586033;3.597561936222296;1
4;454454;1.9667320368513777;1.5796298874109733;31.21096495662779;3.605933519874275;1
4;464464;1.9689262842941768;1.5799310586286124;31.11756884166955;3.6143051035262537;1
4;474474;1.9711205317369762;1.5802322298462514;31.024172726711306;3.6226766871782328;1
4;484484;1.9733147791797756;1.5805334010638907;30.930776611753068;3.631048270830212;1
4;494494;1.9755090266225748;1.5808345722815298;30.837380496794825;3.639419854482191;1
4;504504;1.9777032740653742;1.5811357434991689;30.743984381836583;3.6477914381341696;1
4;514514;1.9798975215081733;1.581436914716808;30.65058826687834;3.6561630217861487;1
4;524524;1.9820917689509727;1.5817380859344472;30.5571921519201;3.664534605438128;1
4;534534;1.9841548878573485;1.5820469357143478;30.466087807371437;3.671186655997498;1
4;544544;1.9853431494126572;1.5824070149735323;30.390273591458843;3.666366404588891;1
4;554554;1.9865314109679661;1.5827670942327168;30.314459375546253;3.6615461531802835;1
4;564564;1.987719672523275;1.5831271734919015;30.23864515963366;3.6567259017716767;1
4;574574;1.988907934078584;1.583487252751086;30.162830943721065;3.6519056503630694;1
4;584584;1.9900961956338927;1.5838473320102704;30.087016727808475;3.647085398954462;1
4;594594;1.9912844571892017;1.5842074112694549;30.01120251189588;3.6422651475458547;1
4;604604;1.9924727187445106;1.5845674905286393;29.93538829598329;3.6374448961372474;1
4;614614;1.9936609802998195;1.584927569787824;29.859574080070697;3.63262464472864;1
4;624624;1.9948492418551282;1.5852876490470085;29.783759864158107;3.627804393320033;1
4;634634;1.9960375034104372;1.585647728306193;29.707945648245513;3.6229841419114255;1
4;644644;1.997225764965746;1.5860078075653774;29.632131432332923;3.618163890502818;1
4;654654;1.998414026521055;1.586367886824562;29.55631721642033;3.613343639094211;1
4;664664;1.9996022880763638;1.5867279660837466;29.48050300050774;3.608523387685604;1
4;674674;2.000790549631673;1.587088045342931;29.404688784595145;3.6037031362769967;1
4;684684;2.0019788111869814;1.5874481246021155;29.32887456868255;3.5988828848683894;1
4;694694;2.0031670727422908;1.5878082038613;29.253060352769957;3.5940626334597816;1
4;704704;2.0043553342975993;1.5881682831204846;29.177246136857363;3.5892423820511743;1
4;714714;2.005543595852908;1.588528362379669;29.101431920944773;3.584422130642567;1
4;724724;2.006731857408217;1.5888884416388536;29.02561770503218;3.57960187923396;1
4;734734;2.007920118963526;1.589248520898038;28.94980348911959;3.574781627825353;1
4;744744;2.009108380518835;1.5896086001572225;28.873989273206995;3.5699613764167455;1
4;754754;2.010296642074144;1.5899686794164072;28.798175057294404;3.565141125008138;1
4;764764;2.011484903629453;1.5903287586755916;28.72236084138181;3.560320873599531;1
4;774774;2.012673165184762;1.5906888379347761;28.646546625469217;3.5555006221909236;1
4;784784;2.0138614267400703;1.5910489171939606;28.570732409556626;3.5506803707823162;1
4;794794;2.0150496882953792;1.591408996453145;28.494918193644033;3.545860119373709;1
4;804804;2.016237949850688;1.5917690757123297;28.419103977731442;3.5410398679651016;1
4;814814;2.017426211405997;1.5921291549715142;28.34328976181885;3.5362196165564943;1
4;824824;2.018614472961306;1.5924892342306987;28.267475545906258;3.531399365147887;1
4;834834;2.019802734516615;1.5928493134898831;28.191661329993664;3.52657911373928;1
4;844844;2.020990996071924;1.5932093927490678;28.115847114081074;3.521758862330673;1
4;854854;2.022179257627233;1.5935694720082523;28.04003289816848;3.5169386109220655;1
4;864864;2.0233675191825413;1.5939295512674367;27.96421868225589;3.512118359513458;1
4;874874;2.0245557807378503;1.5942896305266212;27.888404466343296;3.507298108104851;1
4;884884;2.025744042293159;1.5946497097858057;27.812590250430702;3.5024778566962436;1
4;894894;2.026932303848468;1.5950097890449904;27.736776034518112;3.4976576052876363;1
4;904904;2.028120565403777;1.5953698683041748;27.660961818605518;3.492837353879029;1
4;914914;2.029308826959086;1.5957299475633593;27.585147602692928;3.4880171024704216;1
4;924924;2.030497088514395;1.5960900268225438;27.509333386780334;3.4831968510618143;1
4;934934;2.031685350069704;1.5964501060817282;27.433519170867743;3.4783765996532074;1
4;944944;2.032873611625013;1.596810185340913;27.35770495495515;3.4735563482446;1
4;954954;2.0340618731803213;1.5971702646000974;27.28189073904256;3.468736096835993;1
4;964964;2.03525013473563;1.5975303438592818;27.206076523129965;3.4639158454273855;1
4;974974;2.036438396290939;1.5978904231184663;27.130262307217375;3.459095594018778;1
4;984984;2.037626657846248;1.5982505023776508;27.05444809130478;3.454275342610171;1
4;994994;2.038814919401557;1.5986105816368354;26.97863387539219;3.4494550912015636;1
5;5005;2.040003180956866;1.59897066089602;26.902819659479594;3.4446348397929563;1
5;15015;2.041191442512175;1.5993307401552044;26.827005443567;3.439814588384349;1
5;25025;2.042379704067484;1.5996908194143888;26.75119122765441;3.4349943369757416;1
5;35035;2.0435679656227927;1.6000508986735735;26.675377011741816;3.4301740855671343;1
5;45045;2.0447562271781012;1.600410977932758;26.599562795829225;3.425353834158527;1
5;55055;2.04594448873341;1.6007710571919425;26.52374857991663;3.4205335827499197;1
5;65065;2.047132750288719;1.601131136451127;26.44793436400404;3.4157133313413124;1
5;75075;2.048321011844028;1.6014912157103114;26.372120148091447;3.410893079932705;1
5;85085;2.049509273399337;1.601851294969496;26.296305932178857;3.4060728285240978;1
5;95095;2.050401959207044;1.6024231149547832;26.243549847877528;3.394007727220104;1
5;105105;2.051086702916806;1.603143897807164;26.207015514855996;3.3768457622567394;1
5;115115;2.0517714466265677;1.603864680659545;26.170481181834464;3.3596837972933753;1
5;125125;2.0524561903363296;1.6045854635119259;26.133946848812933;3.3425218323300108;1
5;135135;2.0531409340460915;1.6053062463643069;26.0974125157914;3.3253598673666467;1
5;145145;2.0538256777558535;1.6060270292166878;26.06087818276987;3.308197902403282;1
5;155155;2.0545104214656154;1.6067478120690688;26.024343849748337;3.291035937439918;1
5;165165;2.0551951651753773;1.6074685949214496;25.987809516726806;3.2738739724765535;1
5;175175;2.055879908885139;1.6081893777738305;25.951275183705274;3.2567120075131895;1
5;185185;2.056564652594901;1.6089101606262115;25.914740850683742;3.239550042549825;1
5;195195;2.057249396304663;1.6096309434785925;25.87820651766221;3.222388077586461;1
5;205205;2.057934140014425;1.6103517263309735;25.84167218464068;3.2052261126230963;1
5;215215;2.0586188837241868;1.6110725091833544;25.805137851619147;3.1880641476597322;1
5;225225;2.0593036274339487;1.6117932920357354;25.76860351859762;3.1709021826963677;1
5;235235;2.0599883711437106;1.6125140748881162;25.732069185576087;3.1537402177330036;1
5;245245;2.0606731148534725;1.6132348577404971;25.695534852554555;3.136578252769639;1
5;255255;2.0613578585632344;1.613955640592878;25.659000519533024;3.119416287806275;1
5;265265;2.0620426022729963;1.614676423445259;25.62246618651149;3.1022543228429105;1
5;275275;2.062727345982758;1.61539720629764;25.58593185348996;3.0850923578795464;1
5;285285;2.06341208969252;1.616117989150021;25.54939752046843;3.067930392916182;1
5;295295;2.064096833402282;1.6168387720024018;25.512863187446897;3.0507684279528178;1
5;305305;2.064781577112044;1.6175595548547828;25.476328854425365;3.0336064629894532;1
5;315315;2.0654663208218054;1.6182803377071637;25.439794521403833;3.016444498026089;1
5;325325;2.0661510645315673;1.6190011205595447;25.4032601883823;2.9992825330627246;1
5;335335;2.066835808241329;1.6197219034119257;25.36672585536077;2.9821205680993605;1
5;345345;2.067520551951091;1.6204426862643067;25.330191522339238;2.964958603135996;1
5;355355;2.068205295660853;1.6211634691166874;25.29365718931771;2.947796638172632;1
5;365365;2.068890039370615;1.6218842519690684;25.257122856296178;2.9306346732092674;1
5;375375;2.069574783080377;1.6226050348214494;25.220588523274646;2.9134727082459033;1
5;385385;2.0702595267901387;1.6233258176738303;25.184054190253114;2.896310743282539;1
5;395395;2.0709442704999006;1.6240466005262113;25.147519857231583;2.8791487783191747;1
5;405405;2.0716290142096625;1.6247673833785923;25.11098552421005;2.86198681335581;1
5;415415;2.0723137579194244;1.625488166230973;25.07445119118852;2.844824848392446;1
5;425425;2.0729985016291863;1.626208949083354;25.037916858166987;2.8276628834290816;1
5;435435;2.073683245338948;1.626929731935735;25.001382525145456;2.8105009184657175;1
5;445445;2.07436798904871;1.627650514788116;24.964848192123924;2.793338953502353;1
5;455455;2.075052732758472;1.628371297640497;24.928313859102392;2.776176988538989;1
5;465465;2.075737476468234;1.629092080492878;24.89177952608086;2.7590150235756243;1
5;475475;2.076422220177996;1.6298128633452587;24.85524519305933;2.7418530586122603;1
5;485485;2.0771069638877577;1.6305336461976396;24.818710860037797;2.7246910936488957;1
5;495495;2.0777917075975196;1.6312544290500206;24.78217652701627;2.7075291286855316;1
5;505505;2.0784764513072815;1.6319752119024016;24.745642193994737;2.690367163722167;1
5;515515;2.0791611950170434;1.6326959947547826;24.709107860973205;2.673205198758803;1
5;525525;2.0798459387268053;1.6334167776071635;24.672573527951673;2.6560432337954385;1
5;535535;2.0805306824365672;1.6341375604595443;24.63603919493014;2.6388812688320744;1
5;545545;2.081215426146329;1.6348583433119253;24.59950486190861;2.62171930386871;1
5;555555;2.081900169856091;1.6355791261643062;24.562970528887078;2.604557338905346;1
5;565565;2.082584913565853;1.6362999090166872;24.526436195865546;2.5873953739419813;1
5;575575;2.083269657275615;1.6370206918690682;24.489901862844015;2.570233408978617;1
5;585585;2.0839544009853768;1.6377414747214492;24.453367529822483;2.5530714440152527;1
5;595595;2.0846391446951387;1.63846225757383;24.41683319680095;2.5359094790518886;1
5;605605;2.0853238884049006;1.6391830404262109;24.38029886377942;2.518747514088524;1
5;615615;2.0860086321146625;1.6399038232785919;24.343764530757888;2.50158554912516;1
5;625625;2.0866933758244244;1.6406246061309728;24.30723019773636;2.4844235841617954;1
5;635635;2.0873781195341863;1.6413453889833538;24.270695864714828;2.4672616191984313;1
5;645645;2.0881145926903653;1.642145845242283;24.238974973344213;2.4503153898406835;1
5;655655;2.0893628041886;1.6437344780582182;24.254871499530278;2.4355033449520747;1
5;665665;2.090611015686835;1.6453231108741535;24.270768025716343;2.420691300063466;1
5;675675;2.09185922718507;1.6469117436900889;24.286664551902405;2.405879255174857;1
5;685685;2.0931074386833046;1.648500376506024;24.30256107808847;2.391067210286248;1
5;695695;2.0943556501815395;1.6500890093219593;24.318457604274535;2.3762551653976387;1
5;705705;2.0956038616797743;1.6516776421378947;24.3343541304606;2.36144312050903;1
5;715715;2.096852073178009;1.6532662749538298;24.35025065664666;2.346631075620421;1
5;725725;2.098100284676244;1.6548549077697652;24.366147182832727;2.331819030731812;1
5;735735;2.099348496174479;1.6564435405857005;24.38204370901879;2.317006985843203;1
5;745745;2.1005967076727137;1.6580321734016357;24.397940235204853;2.3021949409545943;1
5;755755;2.101844919170949;1.6596208062175712;24.41383676139092;2.2873828960659837;1
5;765765;2.103093130669184;1.6612094390335064;24.429733287576983;2.272570851177375;1
5;775775;2.1043413421674186;1.6627980718494417;24.44562981376305;2.2577588062887655;1
5;785785;2.1055895536656535;1.664386704665377;24.461526339949113;2.2429467614001566;1
5;795795;2.1068377651638883;1.6659753374813122;24.477422866135175;2.2281347165115477;1
5;805805;2.108085976662123;1.6675639702972476;24.49331939232124;2.213322671622939;1
5;815815;2.109334188160358;1.669152603113183;24.509215918507305;2.19851062673433;1
5;825825;2.110582399658593;1.670741235929118;24.52511244469337;2.183698581845721;1
5;835835;2.1118306111568277;1.6723298687450534;24.54100897087943;2.1688865369571118;1
5;845845;2.1130788226550625;1.6739185015609888;24.556905497065497;2.154074492068503;1
5;855855;2.1143270341532974;1.675507134376924;24.572802023251562;2.139262447179894;1
5;865865;2.115575245651532;1.6770957671928592;24.588698549437623;2.124450402291285;1
5;875875;2.116823457149767;1.6786844000087946;24.60459507562369;2.1096383574026762;1
5;885885;2.118071668648002;1.6802730328247297;24.620491601809753;2.0948263125140674;1
5;895895;2.1193198801462367;1.681861665640665;24.63638812799582;2.080014267625458;1
5;905905;2.1205680916444716;1.6834502984566004;24.65228465418188;2.065202222736849;1
5;915915;2.1218163031427064;1.6850389312725356;24.668181180367945;2.0503901778482403;1
5;925925;2.1230645146409413;1.686627564088471;24.68407770655401;2.0355781329596314;1
5;935935;2.124312726139176;1.6882161969044063;24.69997423274007;2.0207660880710225;1
5;945945;2.125560937637411;1.6898048297203414;24.715870758926137;2.0059540431824137;1
5;955955;2.126809149135646;1.6913934625362768;24.731767285112202;1.9911419982938046;1
5;965965;2.1280573606338806;1.692982095352212;24.747663811298267;1.9763299534051955;1
5;975975;2.1293055721321155;1.6945707281681472;24.76356033748433;1.9615179085165866;1
5;985985;2.1305537836303503;1.6961593609840826;24.779456863670394;1.9467058636279777;1
5;995995;2.131801995128585;1.6977479938000177;24.79535338985646;1.9318938187393686;1
6;6006;2.1333836803504527;1.6995610752671781;24.877079431491698;1.9092861571796862;1
6;16016;2.135028238363333;1.7014164740509408;24.971216901896224;1.8852087181141925;1
6;26026;2.1366727963762138;1.7032718728347032;25.065354372300746;1.861131279048699;1
6;36036;2.1383173543890943;1.7051272716184658;25.159491842705272;1.8370538399832053;1
6;46046;2.139961912401975;1.7069826704022284;25.253629313109794;1.8129764009177116;1
6;56056;2.1416064704148554;1.708838069185991;25.347766783514317;1.788898961852218;1
6;66066;2.1432510284277355;1.7106934679697536;25.441904253918842;1.7648215227867243;1
6;76076;2.144895586440616;1.712548866753516;25.536041724323365;1.7407440837212307;1
6;86086;2.1465401444534966;1.7144042655372786;25.63017919472789;1.7166666446557368;1
6;96096;2.148184702466377;1.7162596643210413;25.724316665132413;1.6925892055902432;1
6;106106;2.1498292604792577;1.7181150631048039;25.818454135536935;1.6685117665247495;1
6;116116;2.1514738184921383;1.7199704618885665;25.91259160594146;1.6444343274592559;1
6;126126;2.1531183765050184;1.7218258606723291;26.006729076345984;1.6203568883937622;1
6;136136;2.154762934517899;1.7236812594560915;26.10086654675051;1.5962794493282686;1
6;146146;2.1564074925307795;1.7255366582398541;26.195004017155032;1.572202010262775;1
6;156156;2.15805205054366;1.7273920570236168;26.289141487559554;1.5481245711972813;1
6;166166;2.1596966085565406;1.7292474558073794;26.38327895796408;1.5240471321317877;1
6;176176;2.161341166569421;1.731102854591142;26.477416428368603;1.4999696930662938;1
6;186186;2.162985724582301;1.7329582533749046;26.57155389877313;1.4758922540008002;1
6;196196;2.1646302825951818;1.734813652158667;26.66569136917765;1.4518148149353065;1
6;206206;2.1662748406080623;1.7366690509424296;26.759828839582173;1.4277373758698129;1
6;216216;2.167919398620943;1.7385244497261922;26.8539663099867;1.4036599368043192;1
6;226226;2.1695639566338234;1.7403798485099549;26.94810378039122;1.3795824977388256;1
6;236236;2.171208514646704;1.7422352472937175;27.042241250795747;1.355505058673332;1
6;246246;2.172853072659584;1.7440906460774799;27.13637872120027;1.3314276196078383;1
6;256256;2.1744976306724646;1.7459460448612425;27.230516191604792;1.3073501805423444;1
6;266266;2.176142188685345;1.7478014436450051;27.324653662009318;1.2832727414768508;1
6;276276;2.1777867466982257;1.7496568424287677;27.41879113241384;1.2591953024113571;1
6;286286;2.1794313047111062;1.7515122412125304;27.512928602818366;1.2351178633458635;1
6;296296;2.181075862723987;1.753367639996293;27.60706607322289;1.2110404242803698;1
6;306306;2.1827204207368673;1.7552230387800554;27.70120354362741;1.1869629852148762;1
6;316316;2.1843649787497474;1.757078437563818;27.795341014031937;1.1628855461493826;1
6;326326;2.186009536762628;1.7589338363475806;27.88947848443646;1.138808107083889;1
6;336336;2.1876540947755085;1.7607892351313432;27.983615954840985;1.1147306680183953;1
6;346346;2.189298652788389;1.7626446339151058;28.077753425245508;1.0906532289529014;1
6;356356;2.1909432108012696;1.7645000326988685;28.17189089565003;1.0665757898874078;1
6;366366;2.19258776881415;1.7663554314826309;28.266028366054556;1.042498350821914;1
6;376376;2.1942323268270303;1.7682108302663935;28.36016583645908;1.0184209117564205;1
6;386386;2.195876884839911;1.770066229050156;28.454303306863604;0.9943434726909268;1
6;396396;2.1975214428527914;1.7719216278339187;28.548440777268127;0.9702660336254332;1
6;406406;2.199166000865672;1.7737770266176813;28.64257824767265;0.9461885945599394;1
6;416416;2.2008105588785525;1.775632425401444;28.736715718077175;0.9221111554944458;1
6;426426;2.202455116891433;1.7774878241852063;28.830853188481697;0.8980337164289521;1
6;436436;2.204099674904313;1.779343222968969;28.924990658886223;0.8739562773634585;1
6;446446;2.2057442329171937;1.7811986217527316;29.019128129290745;0.8498788382979647;1
6;456456;2.2073887909300742;1.7830540205364942;29.113265599695268;0.8258013992324711;1
6;466466;2.2090333489429548;1.7849094193202568;29.207403070099794;0.8017239601669774;1
6;476476;2.211430816809319;1.7870134952399341;29.317544400536715;0.780605013886338;1
6;486486;2.2149018849676767;1.7894721685187711;29.45050619045404;0.7637046851506625;1
6;496496;2.218372953126035;1.791930841797608;29.583467980371363;0.7468043564149871;1
6;506506;2.221844021284393;1.794389515076445;29.716429770288688;0.7299040276793116;1
6;516516;2.225315089442751;1.796848188355282;29.84939156020601;0.7130036989436362;1
6;526526;2.228786157601109;1.799306861634119;29.982353350123333;0.6961033702079608;1
6;536536;2.2322572257594673;1.801765534912956;30.115315140040657;0.6792030414722853;1
6;546546;2.235728293917825;1.804224208191793;30.24827692995798;0.6623027127366099;1
6;556556;2.2391993620761834;1.80668288147063;30.381238719875306;0.6454023840009344;1
6;566566;2.2426704302345413;1.809141554749467;30.51420050979263;0.6285020552652589;1
6;576576;2.2461414983928996;1.811600228028304;30.64716229970995;0.6116017265295836;1
6;586586;2.2496125665512574;1.8140589013071409;30.780124089627275;0.5947013977939081;1
6;596596;2.2530836347096157;1.8165175745859778;30.9130858795446;0.5778010690582326;1
6;606606;2.256554702867974;1.818976247864815;31.046047669461938;0.5609007403225554;1
6;616616;2.2600257710263323;1.821434921143652;31.179009459379262;0.54400041158688;1
6;626626;2.26349683918469;1.823893594422489;31.311971249296587;0.5271000828512045;1
6;636636;2.2669679073430484;1.826352267701326;31.444933039213907;0.5101997541155291;1
6;646646;2.2704389755014063;1.828810940980163;31.577894829131232;0.4932994253798536;1
6;656656;2.2739100436597646;1.831269614259;31.710856619048556;0.4763990966441782;1
6;666666;2.2773811118181224;1.833728287537837;31.84381840896588;0.45949876790850275;1
6;676676;2.2808521799764807;1.8361869608166739;31.976780198883205;0.44259843917282726;1
6;686686;2.2843232481348386;1.8386456340955109;32.10974198880053;0.42569811043715183;1
6;696696;2.287794316293197;1.8411043073743478;32.24270377871785;0.4087977817014764;1
6;706706;2.2912653844515547;1.8435629806531848;32.37566556863518;0.3918974529658009;1
6;716716;2.294736452609913;1.8460216539320218;32.5086273585525;0.3749971242301255;1
6;726726;2.298207520768271;1.8484803272108588;32.64158914846982;0.35809679549445006;1
6;736736;2.301678588926629;1.8509390004896957;32.774550938387144;0.34119646675877463;1
6;746746;2.305149657084987;1.8533976737685327;32.90751272830447;0.32429613802309915;1
6;756756;2.3086207252433453;1.8558563470473697;33.04047451822179;0.3073958092874237;1
6;766766;2.312091793401703;1.8583150203262064;33.17343630813912;0.2904954805517483;1
6;776776;2.3155628615600614;1.8607736936050434;33.30639809805644;0.2735951518160728;1
6;786786;2.3190339297184193;1.8632323668838804;33.439359887973765;0.25669482308039737;1
6;796796;2.3225049978767776;1.8656910401627174;33.57232167789109;0.23979449434472194;1
6;806806;2.3259760660351354;1.8681497134415543;33.705283467808414;0.22289416560904649;1
6;816816;2.3294471341934937;1.8706083867203913;33.83824525772574;0.20599383687337106;1
6;826826;2.3329182023518515;1.8730670599992283;33.97120704764306;0.1890935081376956;1
6;836836;2.33638927051021;1.8755257332780653;34.10416883756039;0.17219317940202017;1
6;846846;2.3398603386685677;1.8779844065569022;34.237130627477704;0.1552928506663447;1
6;856856;2.343331406826926;1.8804430798357392;34.37009241739503;0.13839252193066928;1
6;866866;2.346802474985284;1.8829017531145762;34.50305420731235;0.12149219319499382;1
6;876876;2.350273543143642;1.8853604263934132;34.63601599722968;0.10459186445931838;1
6;886886;2.353744611302;1.8878190996722501;34.768977787147;0.08769153572364294;1
6;896896;2.3572156794603583;1.8902777729510871;34.901939577064326;0.0707912069879675;1
6;906906;2.360686747618716;1.892736446229924;35.03490136698165;0.05389087825229205;1
6;916916;2.3641578157770744;1.895195119508761;35.167863156898974;0.0369905495166166;1
6;926926;2.3676288839354322;1.897653792787598;35.3008249468163;0.020090220780941158;1
6;936936;2.3710999520937905;1.900112466066435;35.43378673673362;0.003189892045265714;1
6;946946;2.3745710202521484;1.902571139345272;35.56674852665095;-0.01371043669040973;1
6;956956;2.3780420884105067;1.905029812624109;35.69971031656827;-0.030610765426085176;1
6;966966;2.3815131565688645;1.907488485902946;35.83267210648559;-0.04751109416176062;1
6;976976;2.384984224727223;1.909947159181783;35.96563389640291;-0.06441142289743607;1
6;986986;2.3884552928855807;1.91240583246062;36.09859568632024;-0.08131175163311151;1
6;996996;2.391926361043939;1.9148645057394569;36.23155747623756;-0.09821208036878695;1
7;7007;2.395397429202297;1.9173231790182939;36.364519266154886;-0.1151124091044624;1
7;17017;2.398868497360655;1.9197818522971308;36.49748105607221;-0.13201273784013784;1
7;27027;2.4026943682909696;1.9224008142167386;36.6542382199865;-0.15405413278988817;1
7;37037;2.4097922611275604;1.9264979718703803;37.03043838474554;-0.22350688583393918;1
7;47047;2.4168901539641507;1.9305951295240222;37.40663854950458;-0.2929596388779902;1
7;57057;2.4239880468007415;1.934692287177664;37.78283871426361;-0.3624123919220412;1
7;67067;2.4310859396373323;1.9387894448313059;38.15903887902265;-0.4318651449660923;1
7;77077;2.438183832473923;1.9428866024849476;38.53523904378169;-0.5013178980101433;1
7;87087;2.445281725310514;1.9469837601385895;38.91143920854072;-0.5707706510541943;1
7;97097;2.4523796181471047;1.9510809177922313;39.28763937329976;-0.6402234040982454;1
7;107107;2.4594775109836955;1.9551780754458732;39.663839538058795;-0.7096761571422964;1
7;117117;2.4665754038202863;1.9592752330995151;40.04003970281783;-0.7791289101863474;1
7;127127;2.473673296656877;1.9633723907531568;40.41623986757687;-0.8485816632303984;1
7;137137;2.480771189493468;1.9674695484067988;40.792440032335904;-0.9180344162744495;1
7;147147;2.4878690823300587;1.9715667060604405;41.16864019709494;-0.9874871693185006;1
7;157157;2.4949669751666494;1.9756638637140824;41.54484036185398;-1.0569399223625515;1
7;167167;2.5020648680032402;1.9797610213677241;41.92104052661301;-1.1263926754066025;1
7;177177;2.509162760839831;1.983858179021366;42.297240691372046;-1.1958454284506537;1
7;187187;2.516260653676422;1.9879553366750078;42.67344085613109;-1.2652981814947046;1
7;197197;2.5233585465130126;1.9920524943286497;43.04964102089012;-1.3347509345387556;1
7;207207;2.5304564393496034;1.9961496519822914;43.425841185649155;-1.4042036875828068;1
7;217217;2.537554332186194;2.000246809635933;43.802041350408196;-1.4736564406268577;1
7;227227;2.544652225022785;2.004343967289575;44.17824151516723;-1.5431091936709087;1
7;237237;2.5517501178593758;2.008441124943217;44.55444167992626;-1.61256194671496;1
7;247247;2.5588480106959666;2.012538282596859;44.930641844685304;-1.6820146997590109;1
7;257257;2.5659459035325574;2.0166354402505005;45.30684200944434;-1.7514674528030618;1
7;267267;2.573043796369148;2.0207325979041424;45.68304217420337;-1.820920205847113;1
7;277277;2.580141689205739;2.0248297555577843;46.05924233896241;-1.890372958891164;1
7;287287;2.5872395820423297;2.0289269132114263;46.43544250372145;-1.959825711935215;1
7;297297;2.5943374748789205;2.0330240708650678;46.81164266848048;-2.029278464979266;1
7;307307;2.6014353677155113;2.0371212285187097;47.18784283323952;-2.098731218023317;1
7;317317;2.608533260552102;2.0412183861723516;47.564042997998556;-2.1681839710673683;1
7;327327;2.615631153388693;2.0453155438259936;47.94024316275759;-2.237636724111419;1
7;337337;2.6227290462252837;2.0494127014796355;48.31644332751663;-2.30708947715547;1
7;347347;2.6298269390618745;2.053509859133277;48.692643492275664;-2.376542230199521;1
7;357357;2.6369248318984653;2.057607016786919;49.0688436570347;-2.445994983243572;1
7;367367;2.644022724735056;2.061704174440561;49.44504382179374;-2.5154477362876233;1
7;377377;2.6518602340429682;2.065317236261108;49.75433760818287;-2.5607126562026337;1
7;387387;2.660640395960306;2.0683133104698674;49.97835818257211;-2.5751498094310756;1
7;397397;2.6694205578776438;2.0713093846786275;50.20237875696135;-2.5895869626595176;1
7;407407;2.6782007197949818;2.074305458887387;50.426399331350595;-2.6040241158879596;1
7;417417;2.6869808817123193;2.077301533096147;50.65041990573984;-2.618461269116401;1
7;427427;2.6957610436296573;2.0802976073049066;50.87444048012908;-2.632898422344843;1
7;437437;2.7045412055469953;2.0832936815136667;51.09846105451832;-2.647335575573285;1
7;447447;2.713321367464333;2.0862897557224263;51.32248162890756;-2.661772728801727;1
7;457457;2.722101529381671;2.0892858299311863;51.546502203296804;-2.676209882030169;1
7;467467;2.7308816912990097;2.0922819041399463;51.77052277768607;-2.6906470352586123;1
7;477477;2.7396618532163473;2.0952779783487063;51.99454335207531;-2.7050841884870542;1
7;487487;2.7484420151336852;2.098274052557466;52.218563926464554;-2.719521341715496;1
7;497497;2.757222177051023;2.101270126766226;52.4425845008538;-2.733958494943938;1
7;507507;2.766002338968361;2.104266200974986;52.666605075243034;-2.74839564817238;1
7;517517;2.7747825008856988;2.1072622751837455;52.89062564963228;-2.762832801400822;1
7;527527;2.7835626628030363;2.1102583493925056;53.11464622402152;-2.7772699546292636;1
7;537537;2.7923428247203743;2.113254423601265;53.33866679841076;-2.7917071078577056;1
7;547547;2.801122986637712;2.116250497810025;53.562687372800006;-2.8061442610861476;1
7;557557;2.80990314855505;2.1192465720187847;53.78670794718924;-2.8205814143145895;1
7;567567;2.818683310472388;2.1222426462275448;54.010728521578486;-2.8350185675430315;1
7;577577;2.8274634723897254;2.1252387204363044;54.23474909596773;-2.8494557207714735;1
7;587587;2.8362436343070634;2.1282347946450644;54.45876967035697;-2.8638928739999154;1
7;597597;2.845023796224401;2.1312308688538244;54.682790244746215;-2.878330027228357;1
7;607607;2.853803958141739;2.134226943062584;54.90681081913545;-2.892767180456799;1
7;617617;2.8625841200590765;2.137223017271344;55.130831393524694;-2.907204333685241;1
7;627627;2.8713642819764145;2.1402190914801036;55.35485196791394;-2.921641486913683;1
7;637637;2.8801444438937525;2.1432151656888636;55.57887254230318;-2.936078640142125;1
7;647647;2.88892460581109;2.146211239897623;55.802893116692424;-2.950515793370567;1
7;657657;2.897704767728428;2.149207314106383;56.02691369108166;-2.9649529465990088;1
7;667667;2.9064849296457655;2.152203388315143;56.2509342654709;-2.9793900998274503;1
7;677677;2.9152650915631035;2.155199462523903;56.474954839860146;-2.9938272530558923;1
7;687687;2.9240452534804415;2.158195536732663;56.69897541424939;-3.0082644062843342;1
7;697697;2.932825415397779;2.1611916109414224;56.92299598863863;-3.022701559512776;1
7;707707;2.941605577315117;2.1641876851501824;57.14701656302787;-3.037138712741218;1
7;717717;2.9503857392324546;2.167183759358942;57.37103713741711;-3.05157586596966;1
7;727727;2.9591659011497926;2.170179833567702;57.595057711806355;-3.066013019198102;1
7;737737;2.9679460630671306;2.1731759077764616;57.8190782861956;-3.0804501724265436;1
7;747747;2.976726224984468;2.1761719819852217;58.04309886058484;-3.0948873256549856;1
7;757757;2.985506386901806;2.1791680561939812;58.26711943497408;-3.1093244788834276;1
7;767767;2.9942865488191437;2.1821641304027413;58.49114000936332;-3.1237616321118695;1
7;777777;3.0030667107364817;2.1851602046115013;58.715160583752564;-3.1381987853403115;1
7;787787;3.0118468726538197;2.188156278820261;58.93918115814181;-3.1526359385687535;1
7;797797;3.020627034571157;2.191152353029021;59.16320173253105;-3.1670730917971954;1
7;807807;3.029407196488495;2.1941484272377805;59.387222306920286;-3.181510245025637;1
7;817817;3.0381873584058328;2.1971445014465405;59.61124288130953;-3.195947398254079;1
7;827827;3.0469675203231708;2.2001405756553;59.83526345569877;-3.210384551482521;1
7;837837;3.0557476822405087;2.20313664986406;60.059284030088016;-3.224821704710963;1
7;847847;3.0645278441578463;2.2061327240728197;60.28330460447726;-3.239258857939405;1
7;857857;3.0736014199235777;2.2089513184703793;60.4810604223811;-3.2473545667880157;1
7;867867;3.0831603655067044;2.2114763229640353;60.635368665710494;-3.2449601582903793;1
7;877877;3.0927193110898314;2.2140013274576917;60.78967690903989;-3.242565749792743;1
7;887887;3.102278256672958;2.2165263319513477;60.94398515236929;-3.240171341295107;1
7;897897;3.111837202256085;2.2190513364450037;61.098293395698676;-3.2377769327974706;1
7;907907;3.121396147839212;2.22157634093866;61.25260163902807;-3.235382524299834;1
7;917917;3.1309550934223385;2.224101345432316;61.40690988235747;-3.232988115802198;1
7;927927;3.1405140390054656;2.226626349925972;61.561218125686864;-3.230593707304562;1
7;937937;3.150072984588592;2.229151354419628;61.71552636901625;-3.2281992988069255;1
7;947947;3.1596319301717193;2.2316763589132846;61.86983461234565;-3.225804890309289;1
7;957957;3.169190875754846;2.2342013634069406;62.024142855675045;-3.223410481811653;1
7;967967;3.1787498213379726;2.2367263679005966;62.17845109900444;-3.2210160733140167;1
7;977977;3.1883087669210997;2.239251372394253;62.33275934233383;-3.2186216648163803;1
7;987987;3.1978677125042263;2.241776376887909;62.487067585663226;-3.216227256318744;1
7;997997;3.2074266580873534;2.244301381381565;62.64137582899262;-3.213832847821108;1
8;8008;3.21698560367048;2.2468263858752215;62.79568407232202;-3.2114384393234716;1
8;18018;3.2265445492536067;2.2493513903688775;62.94999231565141;-3.2090440308258352;1
8;28028;3.2361034948367338;2.2518763948625335;63.1043005589808;-3.206649622328199;1
8;38038;3.2456624404198604;2.25440139935619;63.2586088023102;-3.204255213830563;1
8;48048;3.2552213860029875;2.256926403849846;63.412917045639595;-3.2018608053329265;1
8;58058;3.264780331586114;2.259451408343502;63.567225288968984;-3.19946639683529;1
8;68068;3.274339277169241;2.2619764128371584;63.72153353229838;-3.1970719883376537;1
8;78078;3.283898222752368;2.2645014173308144;63.87584177562778;-3.1946775798400178;1
8;88088;3.2934571683354945;2.2670264218244705;64.03015001895717;-3.1922831713423814;1
8;98098;3.3030161139186216;2.2695514263181265;64.18445826228657;-3.189888762844745;1
8;108108;3.3125750595017482;2.272076430811783;64.33876650561596;-3.1874943543471086;1
8;118118;3.322134005084875;2.274601435305439;64.49307474894535;-3.1850999458494726;1
8;128128;3.331692950668002;2.277126439799095;64.64738299227474;-3.1827055373518363;1
8;138138;3.3412518962511286;2.2796514442927513;64.80169123560414;-3.1803111288542;1
8;148148;3.3508108418342557;2.2821764487864074;64.95599947893353;-3.1779167203565635;1
8;158158;3.3603697874173823;2.2847014532800634;65.11030772226293;-3.1755223118589275;1
8;168168;3.369928733000509;2.28722645777372;65.26461596559233;-3.173127903361291;1
8;178178;3.379487678583636;2.289751462267376;65.41892420892172;-3.1707334948636547;1
8;188188;3.3890466241667627;2.292276466761032;65.57323245225112;-3.1683390863660184;1
8;198198;3.39860556974989;2.2948014712546883;65.7275406955805;-3.1659446778683824;1
8;208208;3.4081645153330165;2.2973264757483443;65.8818489389099;-3.163550269370746;1
8;218218;3.417723460916143;2.2998514802420003;66.0361571822393;-3.1611558608731096;1
8;228228;3.42728240649927;2.3023764847356567;66.19046542556869;-3.1587614523754737;1
8;238238;3.436841352082397;2.3049014892293127;66.34477366889809;-3.1563670438778373;1
8;248248;3.4464002976655235;2.3074264937229687;66.49908191222748;-3.153972635380201;1
8;258258;3.4559592432486506;2.3099514982166247;66.65339015555688;-3.1515782268825645;1
8;268268;3.465518188831777;2.312476502710281;66.80769839888627;-3.1491838183849286;1
8;278278;3.4750771344149043;2.315001507203937;66.96200664221567;-3.146789409887292;1
8;288288;3.484636079998031;2.317526511697593;67.11631488554505;-3.1443950013896558;1
8;298298;3.4941950255811576;2.3200515161912496;67.27062312887445;-3.1420005928920194;1
8;308308;3.5037539711642847;2.3225765206849056;67.42493137220384;-3.1396061843943834;1
8;318318;3.5133129167474126;2.325101525178562;67.57923961553325;-3.1372117758967466;1
8;328328;3.5228718623305393;2.327626529672218;67.73354785886265;-3.1348173673991107;1
8;338338;3.532430807913666;2.3301515341658745;67.88785610219205;-3.1324229589014743;1
8;348348;3.541989753496793;2.3326765386595305;68.04216434552144;-3.130028550403838;1
8;358358;3.5515486990799197;2.3352015431531865;68.19647258885084;-3.1276341419062015;1
8;368368;3.5611076446630467;2.337726547646843;68.35078083218023;-3.1252397334085655;1
8;378378;3.5706665902461734;2.340251552140499;68.50508907550962;-3.122845324910929;1
8;388388;3.5802255358293;2.342776556634155;68.65939731883901;-3.1204509164132928;1
8;398398;3.589784481412427;2.3453015611278114;68.81370556216841;-3.1180565079156564;1
8;408408;3.5993434269955538;2.3478265656214674;68.9680138054978;-3.1156620994180204;1
8;418418;3.6153677565824225;2.3509059030628583;68.87211356523902;-3.089280295589957;1
8;428428;3.63186892496285;2.3540261239929756;68.7577598021294;-3.0611293593107702;1
8;438438;3.6483700933432783;2.357146344923093;68.64340603901977;-3.032978423031583;1
8;448448;3.664871261723706;2.3602665658532103;68.52905227591015;-3.0048274867523963;1
8;458458;3.681372430104134;2.3633867867833276;68.41469851280051;-2.9766765504732096;1
8;468468;3.697873598484562;2.3665070077134445;68.3003447496909;-2.9485256141940224;1
8;478478;3.71437476686499;2.369627228643562;68.18599098658126;-2.9203746779148356;1
8;488488;3.7308759352454177;2.372747449573679;68.07163722347164;-2.892223741635649;1
8;498498;3.747377103625846;2.3758676705037964;67.957283460362;-2.8640728053564617;1
8;508508;3.763878272006274;2.3789878914339138;67.84292969725239;-2.835921869077275;1
8;518518;3.7803794403867017;2.382108112364031;67.72857593414275;-2.8077709327980878;1
8;528528;3.79688060876713;2.3852283332941484;67.61422217103313;-2.779619996518901;1
8;538538;3.8133817771475575;2.3883485542242657;67.4998684079235;-2.7514690602397143;1
8;548548;3.8298829455279857;2.391468775154383;67.38551464481388;-2.723318123960527;1
8;558558;3.8463841139084134;2.3945889960845;67.27116088170425;-2.6951671876813403;1
8;568568;3.8628852822888415;2.3977092170146173;67.15680711859463;-2.667016251402153;1
8;578578;3.8793864506692697;2.4008294379447346;67.042453355485;-2.6388653151229664;1
8;588588;3.8958876190496974;2.403949658874852;66.92809959237537;-2.6107143788437797;1
8;598598;3.9123887874301255;2.4070698798049692;66.81374582926574;-2.5825634425645925;1
8;608608;3.9288899558105532;2.4101901007350865;66.69939206615612;-2.5544125062854057;1
8;618618;3.9453911241909814;2.413310321665204;66.58503830304649;-2.5262615700062185;1
8;628628;3.961892292571409;2.416430542595321;66.47068453993687;-2.498110633727032;1
8;638638;3.978393460951837;2.4195507635254385;66.35633077682724;-2.469959697447845;1
8;648648;3.994894629332265;2.4226709844555554;66.24197701371762;-2.441808761168658;1
8;658658;4.0113957977126935;2.4257912053856727;66.12762325060798;-2.413657824889471;1
8;668668;4.027896966093121;2.42891142631579;66.01326948749836;-2.385506888610284;1
8;678678;4.044398134473549;2.4320316472459074;65.89891572438873;-2.357355952331097;1
8;688688;4.060899302853977;2.4351518681760247;65.78456196127911;-2.3292050160519104;1
8;698698;4.077400471234405;2.438272089106142;65.67020819816948;-2.3010540797727232;1
8;708708;4.093901639614833;2.4413923100362593;65.55585443505986;-2.2729031434935365;1
8;718718;4.110402807995261;2.4445125309663767;65.44150067195022;-2.2447522072143493;1
8;728728;4.126903976375689;2.447632751896494;65.3271469088406;-2.2166012709351626;1
8;738738;4.143405144756117;2.450752972826611;65.21279314573097;-2.188450334655976;1
8;748748;4.15548303605016;2.4526118409326356;65.08753277102296;-2.172731638398184;1
8;758758;4.164616252399426;2.4536309981218243;64.95501161990894;-2.165289363667576;1
8;768768;4.173749468748693;2.454650155311013;64.82249046879491;-2.1578470889369683;1
8;778778;4.182882685097959;2.4556693125002016;64.68996931768088;-2.1504048142063605;1
8;788788;4.192015901447226;2.45668846968939;64.55744816656684;-2.1429625394757528;1
8;798798;4.201149117796492;2.4577076268785785;64.42492701545281;-2.135520264745145;1
8;808808;4.2102823341457585;2.458726784067767;64.29240586433878;-2.1280779900145372;1
8;818818;4.219415550495025;2.4597459412569553;64.15988471322474;-2.1206357152839295;1
8;828828;4.228548766844291;2.460765098446144;64.02736356211071;-2.1131934405533217;1
8;838838;4.237681983193558;2.4617842556353327;63.894842410996674;-2.105751165822714;1
8;848848;4.246815199542825;2.4628034128245213;63.76232125988265;-2.098308891092106;1
8;858858;4.255948415892091;2.4638225700137095;63.62980010876861;-2.0908666163614984;1
8;868868;4.265081632241357;2.464841727202898;63.49727895765458;-2.0834243416308906;1
8;878878;4.274214848590623;2.465860884392087;63.364757806540545;-2.075982066900283;1
8;888888;4.28334806493989;2.466880041581275;63.23223665542651;-2.068539792169675;1
8;898898;4.292481281289157;2.4678991987704637;63.09971550431248;-2.0610975174390673;1
8;908908;4.301614497638423;2.4689183559596524;62.96719435319845;-2.0536552427084596;1
8;918918;4.3107477139876895;2.4699375131488406;62.83467320208442;-2.046212967977852;1
8;928928;4.319880930336955;2.4709566703380292;62.70215205097038;-2.038770693247244;1
8;938938;4.329014146686222;2.471975827527218;62.56963089985635;-2.0313284185166363;1
8;948948;4.338147363035489;2.4729949847164066;62.437109748742316;-2.0238861437860285;1
8;958958;4.347280579384755;2.4740141419055948;62.30458859762828;-2.0164438690554207;1
8;968968;4.356413795734022;2.4750332990947834;62.172067446514255;-2.009001594324813;1
8;978978;4.365547012083288;2.476052456283972;62.03954629540022;-2.001559319594205;1
8;988988;4.374680228432554;2.4770716134731603;61.90702514428619;-1.9941170448635974;1
8;998998;4.383813444781821;2.478090770662349;61.774503993172154;-1.9866747701329897;1
9;9009;4.392946661131087;2.4791099278515376;61.64198284205812;-1.9792324954023819;1
9;19019;4.402079877480354;2.4801290850407263;61.509461690944086;-1.9717902206717741;1
9;29029;4.411213093829621;2.4811482422299145;61.37694053983006;-1.9643479459411664;1
9;39039;4.4203463101788865;2.482167399419103;61.244419388716025;-1.9569056712105586;1
9;49049;4.429479526528153;2.483186556608292;61.11189823760199;-1.9494633964799508;1
9;59059;4.438612742877419;2.48420571379748;60.97937708648796;-1.942021121749343;1
9;69069;4.447745959226686;2.4852248709866687;60.846855935373924;-1.9345788470187353;1
9;79079;4.456879175575953;2.4862440281758573;60.71433478425989;-1.9271365722881275;1
9;89089;4.466012391925219;2.487263185365046;60.58181363314586;-1.9196942975575197;1
9;99099;4.475145608274485;2.488282342554234;60.44929248203183;-1.912252022826912;1
9;109109;4.484278824623752;2.489301499743423;60.316771330917796;-1.9048097480963042;1
9;119119;4.493412040973018;2.4903206569326115;60.18425017980376;-1.8973674733656964;1
9;129129;4.502545257322285;2.4913398141217997;60.05172902868973;-1.8899251986350887;1
9;139139;4.511678473671551;2.4923589713109884;59.9192078775757;-1.882482923904481;1
9;149149;4.5208116900208175;2.493378128500177;59.78668672646167;-1.8750406491738731;1
9;159159;4.529944906370084;2.4943972856893657;59.65416557534763;-1.8675983744432654;1
9;169169;4.53907812271935;2.495416442878554;59.5216444242336;-1.8601560997126576;1
9;179179;4.548211339068618;2.4964356000677426;59.38912327311955;-1.8527138249820492;1
9;189189;4.557344555417885;2.4974547572569312;59.25660212200552;-1.8452715502514414;1
9;199199;4.5664777717671505;2.49847391444612;59.12408097089149;-1.8378292755208334;1
9;209209;4.575610988116417;2.499493071635308;58.99155981977746;-1.8303870007902256;1
9;219219;4.584744204465683;2.5005122288244968;58.85903866866342;-1.8229447260596179;1
9;229229;4.59387742081495;2.5015313860136854;58.72651751754939;-1.8155024513290101;1
9;239239;4.603010637164217;2.502550543202874;58.593996366435356;-1.8080601765984023;1
9;249249;4.612143853513483;2.5035697003920623;58.46147521532132;-1.8006179018677946;1
9;259259;4.620509856895817;2.504381114667252;58.31153894196792;-1.789041422275918;1
9;269269;4.628315229916264;2.5050407236548957;58.148876806690694;-1.7744439291358098;1
9;279279;4.636120602936712;2.505700332642539;57.98621467141348;-1.7598464359957016;1
9;289289;4.64392597595716;2.5063599416301825;57.823552536136255;-1.7452489428555935;1
9;299299;4.6517313489776075;2.507019550617826;57.66089040085903;-1.7306514497154855;1
9;309309;4.659536721998055;2.5076791596054693;57.498228265581815;-1.7160539565753774;1
9;319319;4.667342095018504;2.508338768593113;57.33556613030459;-1.7014564634352691;1
9;329329;4.6751474680389515;2.5089983775807565;57.17290399502737;-1.686858970295161;1
9;339339;4.682952841059399;2.5096579865684;57.01024185975015;-1.672261477155053;1
9;349349;4.690758214079847;2.5103175955560433;56.84757972447293;-1.657663984014945;1
9;359359;4.698563587100295;2.510977204543687;56.68491758919571;-1.643066490874837;1
9;369369;4.706368960120742;2.5116368135313305;56.52225545391849;-1.6284689977347286;1
9;379379;4.714174333141191;2.5122964225189737;56.35959331864127;-1.6138715045946206;1
9;389389;4.721979706161639;2.5129560315066173;56.19693118336405;-1.5992740114545125;1
9;399399;4.729785079182086;2.513615640494261;56.03426904808683;-1.5846765183144045;1
9;409409;4.737590452202534;2.514275249481904;55.87160691280961;-1.5700790251742962;1
9;419419;4.745395825222982;2.5149348584695477;55.70894477753239;-1.5554815320341882;1
9;429429;4.7532011982434295;2.5155944674571913;55.546282642255164;-1.54088403889408;1
9;439439;4.761006571263877;2.516254076444835;55.38362050697795;-1.526286545753972;1
9;449449;4.768811944284326;2.516913685432478;55.220958371700725;-1.511689052613864;1
9;459459;4.7766173173047735;2.5175732944201217;55.05829623642351;-1.4970915594737557;1
9;469469;4.784422690325221;2.5182329034077653;54.895634101146285;-1.4824940663336477;1
9;479479;4.792228063345669;2.5188925123954085;54.73297196586906;-1.4678965731935396;1
9;489489;4.800033436366117;2.519552121383052;54.570309830591846;-1.4532990800534316;1
9;499499;4.807838809386564;2.5202117303706957;54.40764769531462;-1.4387015869133235;1
9;509509;4.815644182407013;2.5208713393583393;54.24498556003741;-1.4241040937732152;1
9;519519;4.823449555427461;2.5215309483459825;54.08232342476018;-1.4095066006331072;1
9;529529;4.831254928447908;2.522190557333626;53.91966128948296;-1.3949091074929991;1
9;539539;4.839060301468356;2.5228501663212697;53.756999154205744;-1.380311614352891;1
9;549549;4.846865674488804;2.523509775308913;53.59433701892852;-1.3657141212127828;1
9;559559;4.854671047509251;2.5241693842965565;53.4316748836513;-1.3511166280726747;1
9;569569;4.862476420529699;2.5248289932842;53.26901274837408;-1.3365191349325667;1
9;579579;4.870281793550148;2.5254886022718432;53.10635061309686;-1.3219216417924586;1
9;589589;4.878087166570595;2.526148211259487;52.94368847781964;-1.3073241486523506;1
9;599599;4.885892539591043;2.5268078202471305;52.78102634254242;-1.2927266555122423;1
9;609609;4.893697912611491;2.527467429234774;52.618364207265195;-1.2781291623721343;0
9;619619;4.9015032856319385;2.5281270382224172;52.45570207198798;-1.2635316692320262;0
9;629629;4.909308658652386;2.528786647210061;52.293039936710755;-1.2489341760919181;0
9;639639;4.917114031672835;2.5294462561977045;52.13037780143354;-1.2343366829518099;0
9;649649;4.9249194046932825;2.5301058651853476;51.967715666156316;-1.2197391898117018;0
9;659659;4.93272477771373;2.5307654741729912;51.80505353087909;-1.2051416966715938;0
9;669669;4.940530150734178;2.531425083160635;51.64239139560188;-1.1905442035314857;0
9;679679;4.948335523754626;2.5320846921482785;51.47972926032465;-1.1759467103913777;0
9;689689;4.956140896775073;2.5327443011359216;51.31706712504744;-1.1613492172512694;0
9;699699;4.963946269795521;2.5334039101235653;51.154404989770214;-1.1467517241111613;0
9;709709;4.97175164281597;2.534063519111209;50.99174285449299;-1.1321542309710533;0
9;719719;4.979557015836417;2.534723128098852;50.829080719215774;-1.1175567378309452;0
9;729729;4.987362388856865;2.5353827370864956;50.66641858393855;-1.1029592446908372;0
9;739739;4.995167761877313;2.5360423460741393;50.503756448661335;-1.088361751550729;0
9;749749;5.00297313489776;2.5367019550617824;50.34109431338411;-1.0737642584106208;0
9;759759;5.010778507918208;2.537361564049426;50.17843217810689;-1.0591667652705128;0
9;769769;5.018583880938657;2.5380211730370696;50.01577004282967;-1.0445692721304047;0
9;779779;5.026389253959104;2.5386807820247133;49.85310790755245;-1.0299717789902965;0
9;789789;5.034194626979552;2.5393403910123564;49.69044577227523;-1.0153742858501884;0
9;799799;5.042;2.54;49.52778363699801;-1.0007767927100804;0
9;809809;5.042;2.54;49.52778363699801;-1.0007767927100804;0
9;819819;5.042;2.54;49.52778363699801;-1.0007767927100804;0
9;829829;5.042;2.54;49.52778363699801;-1.0007767927100804;0
9;839839;5.042;2.54;49.52778363699801;-1.0007767927100804;0
9;849849;5.042;2.54;49.52778363699801;-1.0007767927100804;0
9;859859;5.042;2.54;49.52778363699801;-1.0007767927100804;0
9;869869;5.042;2.54;49.52778363699801;-1.0007767927100804;0
9;879879;5.042;2.54;49.52778363699801;-1.0007767927100804;0
9;889889;5.042;2.54;49.52778363699801;-1.0007767927100804;0
9;899899;5.042;2.54;49.52778363699801;-1.0007767927100804;0
9;909909;5.042;2.54;49.52778363699801;-1.0007767927100804;0
9;919919;5.042;2.54;49.52778363699801;-1.0007767927100804;0
9;929929;5.042;2.54;49.52778363699801;-1.0007767927100804;0
9;939939;5.042;2.54;49.52778363699801;-1.0007767927100804;0
9;949949;5.042;2.54;49.52778363699801;-1.0007767927100804;0
9;959959;5.042;2.54;49.52778363699801;-1.0007767927100804;0
9;969969;5.042;2.54;49.52778363699801;-1.0007767927100804;0
9;979979;5.042;2.54;49.52778363699801;-1.0007767927100804;0
9;989989;5.042;2.54;49.52778363699801;-1.0007767927100804;0
10;0;5.042;2.54;49.52778363699801;-1.0007767927100804;0
